Aaliyah,79324,9,42,87,88,87,80,24,45,50,46,98,5,50,70,56,58,73,37,48,90,29,19
Aaron,98296,28,16,91,44,63,81,54,18,72,3,38,89,33,34,14,5,64,24,8,28,61,62
Abby,284003,40,40,5,32,8,16,83,8,50,62,83,47,54,17,88,14,85,72,63,55,55,89
Abel,409129,0,92,69,24,42,11,64,3,13,83,80,42,92,97,3,31,26,75,44,7,53,4
Abigail,994141,66,85,70,3,11,71,45,64,8,70,83,48,4,23,18,93,84,69,33,24,52,81
Abraham,543143,52,19,46,19,97,67,55,3,25,3,4,1,55,75,67,44,52,32,34,41,71,84
Ace,875032,63,23,59,82,88,66,30,90,70,56,22,75,18,99,34,94,93,34,93,35,17,97
Ada,34662,82,90,14,97,36,46,86,7,41,57,53,50,23,63,76,55,75,4,31,51,56,25
Adalyn,745597,4,68,76,38,58,20,46,94,17,24,86,2,4,62,41,92,1,15,25,74,22,80
Adam,897987,56,64,37,44,67,7,91,22,68,17,11,59,80,21,74,61,74,90,89,56,43,7
Adan,482858,44,42,69,0,99,72,92,47,13,73,7,46,62,17,21,57,72,47,91,29,69,74
Addie,361395,42,41,29,9,1,15,53,37,78,45,87,20,91,59,85,1,94,49,19,13,42,38
Addison,561117,89,16,21,82,2,46,54,38,67,15,17,64,25,83,18,80,33,53,27,80,21,91
Adele,692192,49,88,9,4,89,87,33,32,12,65,62,80,87,65,73,71,68,60,68,98,75,35
Adelina,589608,34,16,11,41,24,17,8,97,19,90,77,30,20,73,4,71,16,72,30,8,74,99
Adeline,38922,91,50,44,69,61,62,78,93,10,48,1,44,47,25,38,13,67,39,60,32,77,93
Aden,415319,18,65,9,22,27,27,21,44,45,81,98,24,8,51,42,84,66,27,16,35,31,70
Adonis,67152,7,10,41,38,81,18,62,37,3,77,39,95,19,10,35,36,27,15,9,6,75,67
Adriel,447438,39,32,83,45,64,22,81,28,46,25,24,33,83,36,13,75,55,86,8,24,41,30
Aedan,283693,28,43,56,79,44,60,35,82,57,93,40,18,29,11,14,38,52,93,17,47,32,22
Agustin,509190,83,42,67,22,3,78,53,98,55,47,35,91,2,11,56,75,76,0,21,62,16,8
Ahmad,480102,72,23,10,53,20,38,36,36,99,16,60,78,72,87,27,59,68,77,53,55,95,23
Ahmed,920335,18,47,79,10,10,76,97,96,13,44,65,91,59,29,47,6,6,4,88,31,6,62
Aiden,969880,3,5,79,71,74,88,31,60,34,38,34,18,87,64,20,95,6,96,67,90,89,43
Aimee,613254,23,13,97,37,13,2,15,36,22,44,96,86,94,64,54,73,68,54,86,16,5,57
Ainsley,925576,40,73,67,1,90,12,85,48,48,26,73,81,24,34,62,38,70,47,32,64,7,8
Aisha,857153,92,77,88,92,60,43,27,67,75,2,16,97,87,67,44,82,96,9,27,81,63,22
Aiyana,463371,61,10,6,23,82,54,78,55,76,93,39,58,2,1,23,62,43,20,98,28,36,86
Akeem,843841,82,63,34,83,14,85,22,12,0,32,22,43,66,91,48,67,41,22,46,55,67,27
Akira,385482,28,91,59,45,50,62,77,25,16,7,74,34,42,82,98,60,36,38,51,57,35,75
Alaina,725655,19,35,2,58,43,89,97,1,0,7,65,1,36,76,33,73,66,10,39,35,18,63
Alan,27529,64,59,37,50,93,88,70,1,33,92,50,4,94,16,11,44,3,78,93,20,89,61
Alana,208190,75,45,15,61,4,96,37,16,47,17,74,24,30,2,39,70,78,37,74,33,23,65
Alanna,211917,30,22,88,78,26,54,78,51,2,75,64,2,51,96,55,28,85,40,56,15,97,96
Alayah,19549,19,57,96,28,82,14,58,98,15,6,2,6,42,95,57,35,68,71,1,96,67,4
Alayna,263159,25,56,21,61,8,4,27,96,53,40,12,75,20,88,15,15,11,17,40,50,24,96
Aleah,301954,44,68,8,81,59,6,84,69,12,30,22,24,77,46,26,34,35,4,81,78,73,58
Alec,671293,92,95,87,4,39,66,41,73,97,94,50,34,45,62,83,54,11,92,95,80,44,26
Aleena,513989,24,34,26,30,0,71,20,31,4,44,36,80,53,15,69,64,74,13,59,2,28,20
Alejandra,710154,47,3,91,61,97,49,79,45,98,51,51,74,3,77,11,37,94,87,95,69,92,56
Alejandro,871792,97,18,46,64,84,95,67,13,6,98,91,64,46,83,70,6,16,53,50,12,48,95
Alena,933947,21,52,51,48,40,16,23,54,37,48,79,29,12,92,78,58,52,97,8,81,21,15
Alessandra,789745,64,1,71,39,5,3,87,77,49,3,28,53,61,98,5,54,64,40,45,4,11,64
Alex,434567,99,21,70,63,70,51,23,34,71,52,70,81,57,63,6,72,57,53,40,99,58,10
Alexa,566073,71,20,85,21,35,47,49,21,73,14,67,89,55,19,69,22,40,65,87,5,53,85
Alexander,380399,74,74,45,31,27,21,85,24,39,88,41,55,24,81,52,91,45,26,4,22,14,82
Alexandra,572200,91,76,86,12,30,98,78,31,27,50,15,8,22,61,15,42,7,62,68,91,32,60
Alexandria,152430,13,14,47,1,90,7,18,45,21,29,58,30,86,36,5,43,68,56,20,18,96,47
Alexia,88310,24,85,82,83,23,16,68,0,19,7,97,62,50,19,67,69,45,40,77,26,90,4
Alexis,213506,5,25,85,1,17,87,79,11,7,38,89,68,36,39,72,79,8,50,33,58,89,48
Aleyna,338582,16,31,9,65,70,93,73,10,16,34,25,93,80,58,6,48,77,1,92,15,62,39
Alfie,200392,63,86,39,90,63,42,16,9,22,69,0,24,97,17,56,11,62,67,22,85,24,50
Ali,140834,69,92,88,44,70,37,77,10,96,40,95,45,48,90,76,40,75,6,50,44,34,49
Alia,15253,30,45,95,61,30,79,84,4,34,7,86,94,57,69,95,76,98,45,52,5,78,4
Alice,335319,70,71,18,95,56,41,86,80,40,30,19,80,60,66,77,43,42,22,30,4,1,65
Alicia,453313,25,97,88,33,30,10,2,46,84,60,72,78,57,52,62,59,53,10,13,29,96,61
Alina,262,74,54,15,90,12,14,88,45,37,32,42,51,96,99,44,53,12,36,82,49,31,0
Alisha,67524,35,15,90,38,45,13,17,93,27,85,92,59,13,81,23,29,22,23,77,44,10,64
Alison,617095,64,38,79,61,57,72,72,42,96,28,78,43,71,99,45,53,44,35,31,82,79,35
Alissa,110232,91,39,45,51,72,4,43,68,49,81,66,83,25,89,48,42,76,93,69,65,0,55
Aliyah,301712,24,30,79,53,45,65,86,11,97,80,71,37,64,84,6,85,12,21,37,13,31,66
Allan,968132,60,61,63,74,95,80,18,56,36,78,77,69,79,87,40,10,86,40,97,14,47,42
Allen,970204,74,24,68,58,18,5,38,87,4,56,92,31,81,14,51,40,36,99,83,87,65,44
Allie,122654,72,44,57,15,41,90,8,57,33,36,72,0,58,22,80,34,67,16,55,85,63,32
Allison,625293,17,49,29,0,98,71,67,21,53,70,21,53,69,93,69,75,19,43,60,91,92,76
Ally,316575,13,18,27,2,81,31,57,13,79,95,62,53,95,19,85,19,41,54,25,87,31,78
Alma,615012,27,52,94,68,64,52,72,69,42,78,16,60,30,24,22,68,99,17,18,15,40,96
Alonzo,922919,6,69,67,17,3,83,81,53,20,75,34,80,5,73,41,18,57,86,50,6,95,80
Alvaro,776262,69,77,96,56,73,44,59,76,95,14,52,79,92,15,15,67,14,91,15,71,28,79
Alvin,18339,37,58,62,81,54,4,1,18,95,68,51,51,66,94,59,26,54,27,48,87,22,19
Alycia,395783,59,32,91,62,99,27,60,99,44,84,20,51,47,47,94,78,39,86,91,88,95,8
Alysa,25426,42,90,2,75,95,27,47,69,2,38,67,65,96,31,71,31,20,17,42,58,64,61
Alyssa,229338,56,76,46,11,35,22,15,43,32,10,79,27,5,93,22,41,36,37,76,85,42,96
Amalia,62317,35,38,14,79,96,87,45,43,1,40,60,1,92,74,72,49,53,58,44,87,32,79
Amanda,760912,22,98,43,26,47,8,94,47,9,63,7,31,98,28,44,47,95,32,77,74,65,25
Amani,19776,58,78,40,29,99,61,91,32,23,0,31,97,19,93,1,83,5,60,76,23,43,56
Amara,68001,78,85,86,37,53,9,87,43,33,37,62,19,1,0,62,42,22,5,94,14,50,94
Amari,462743,61,4,18,45,68,11,83,2,54,54,16,65,30,5,81,62,39,78,35,24,90,59
Amarion,212530,73,73,69,27,8,51,64,60,83,8,29,47,31,19,76,25,20,27,37,19,84,38
Amaya,452481,53,71,15,99,24,14,25,71,80,62,28,35,11,99,26,77,42,52,38,60,9,70
Amber,891247,34,72,18,62,79,58,37,44,94,0,79,63,68,56,3,63,77,85,25,33,78,0
Amelia,425257,74,57,73,54,74,60,95,10,72,7,25,39,86,96,67,40,90,66,52,28,61,49
Amelie,61693,42,38,5,4,19,29,32,27,68,20,12,45,5,1,6,92,74,8,11,93,23,62
America,102595,24,59,33,79,14,61,11,49,86,75,97,49,66,60,68,25,13,55,50,69,58,21
Amia,583066,8,88,23,72,41,42,71,54,79,32,76,65,76,93,82,44,34,72,95,32,88,67
Amiah,696118,30,73,65,12,70,70,79,63,17,71,92,44,70,12,86,66,55,45,99,89,88,5
Amie,263852,74,87,86,54,21,74,44,6,91,89,7,5,9,4,28,32,82,6,22,97,15,69
Amir,196743,38,38,37,9,96,75,54,57,32,95,77,57,93,68,31,2,55,6,72,79,34,80
Amira,544044,33,1,57,50,69,94,6,7,92,84,21,41,31,18,12,51,94,52,77,38,41,89
Amiya,484239,28,31,4,5,99,43,79,37,86,1,41,41,61,65,9,55,57,72,95,32,40,13
Amiyah,829021,76,39,13,14,9,37,53,26,15,16,47,3,29,55,13,38,96,12,89,34,33,41
Amos,180261,73,58,18,64,97,4,63,93,25,83,1,24,59,69,37,47,47,85,55,89,56,82
Amy,969851,68,27,30,12,96,7,73,2,62,22,8,97,51,53,20,78,35,5,39,77,43,25
Ana,307635,72,11,68,70,33,45,17,59,2,77,18,48,72,83,45,28,95,68,27,20,76,68
Anabelle,802019,52,22,45,85,88,43,94,81,12,2,25,68,89,8,85,68,18,30,23,62,26,52
Anahi,763724,38,82,0,52,90,79,14,42,4,81,5,59,85,75,8,65,30,55,64,0,62,71
Anais,27953,36,8,30,60,96,89,9,24,83,10,49,18,55,85,14,43,67,78,10,80,22,18
Anastasia,609051,77,90,75,56,69,35,56,77,81,99,57,89,2,51,66,58,68,54,21,51,73,85
Anderson,90420,88,28,40,25,15,16,77,22,17,65,42,18,36,35,35,32,66,52,3,73,93,6
Andre,97911,20,27,2,48,20,90,89,18,5,40,23,13,52,5,45,66,12,49,18,47,13,79
Andrea,331734,5,36,45,18,6,97,75,84,42,92,74,49,24,52,2,25,72,19,23,10,59,49
Andres,9933,95,66,7,61,18,26,99,37,60,36,58,81,49,54,16,80,49,22,99,67,81,0
Andrew,481304,80,92,14,36,79,48,38,98,87,74,63,48,31,48,1,80,23,58,10,84,41,36
Andy,95308,53,54,38,34,22,53,65,13,86,82,56,76,37,21,15,17,79,91,91,52,99,28
Angel,940370,62,55,81,74,33,70,28,42,71,34,98,21,54,38,58,37,95,88,4,1,88,0
Angela,627574,11,31,49,30,6,54,49,62,90,37,77,72,32,28,98,21,27,83,73,49,37,16
Angelo,32625,13,15,35,22,23,53,17,25,33,80,7,93,23,93,93,52,16,91,89,46,0,56
Angie,112542,71,45,68,59,27,95,28,46,53,26,35,81,85,72,6,98,78,0,40,86,35,54
Anika,223066,14,41,91,30,97,60,3,47,19,40,65,33,84,54,64,66,95,53,29,15,87,48
Aniya,967194,19,98,32,97,97,0,17,92,22,9,30,55,75,0,45,21,84,28,7,31,76,90
Aniyah,650993,86,64,28,37,11,23,98,8,56,3,49,9,26,5,75,12,66,92,62,23,22,2
Anjali,435660,40,98,95,68,18,7,51,92,17,41,82,85,90,29,16,58,89,36,31,54,67,65
Ann,317930,90,92,58,81,83,93,33,11,77,84,52,43,83,93,17,51,20,57,72,27,38,91
Anna,518866,35,20,87,83,56,79,36,53,91,42,85,7,81,65,67,75,62,17,42,32,39,53
Annabel,74906,73,92,27,50,54,79,31,75,24,74,37,82,86,48,31,22,30,63,56,34,34,32
Annabella,268973,37,48,64,29,9,23,94,53,47,14,14,55,45,46,23,15,67,92,71,97,19,50
Annabelle,588597,25,28,52,92,71,49,5,46,40,14,46,41,76,50,80,19,97,2,64,95,3,98
Anne,338599,26,88,63,74,35,1,70,98,93,99,1,83,39,28,98,34,11,48,87,63,26,23
Anneliese,670916,29,88,86,61,79,77,47,23,43,93,70,5,42,66,21,54,91,34,3,99,48,45
Annette,218216,85,35,90,12,51,94,68,85,40,88,62,20,16,46,7,77,93,92,54,28,66,83
Annie,435804,48,48,37,98,80,28,78,59,60,44,30,73,1,0,60,13,23,27,17,27,55,33
Ansley,573596,52,57,5,99,99,71,97,70,94,70,48,64,0,32,51,84,35,32,48,32,71,57
Anthony,419975,5,55,70,48,76,66,51,48,38,35,20,84,89,52,7,96,7,39,85,49,35,88
Antoinette,580068,59,6,21,44,35,53,19,18,9,39,77,26,64,30,64,48,23,70,86,93,54,84
Anton,56464,25,78,63,65,43,90,12,47,44,32,84,47,79,31,59,55,21,49,54,92,59,32
Antonio,103577,29,19,99,87,87,95,79,4,16,98,56,19,40,40,34,24,68,22,54,58,7,53
Anwar,222151,19,14,35,29,98,87,19,14,30,45,22,64,37,11,63,27,89,73,51,77,40,63
Anya,102617,66,61,32,26,67,86,67,43,53,41,58,91,44,32,76,92,27,86,39,16,17,10
April,259426,17,41,87,67,28,74,53,51,98,82,17,21,89,86,74,54,95,75,61,85,20,44
Arabella,213226,95,65,74,72,14,39,36,35,4,12,9,24,80,91,69,70,60,66,56,55,92,47
Archer,180154,44,89,1,65,89,27,46,93,17,45,25,92,98,31,16,46,26,96,73,47,91,93
Aria,265126,83,36,96,56,70,56,79,74,24,86,37,93,9,67,9,88,20,61,73,18,3,87
Ariana,244913,6,79,58,99,61,1,1,57,65,95,45,89,85,3,84,35,33,95,17,1,41,1
Arianna,485278,39,0,61,64,47,77,84,24,71,13,17,63,83,53,8,92,69,39,40,47,76,64
Ariel,835571,2,77,14,33,7,56,75,89,87,69,94,45,16,1,52,18,79,58,66,92,79,27
Arjun,540528,83,40,3,71,78,42,23,59,10,8,19,45,30,52,7,18,33,86,36,17,53,27
Armando,333761,80,29,16,7,80,28,14,97,8,41,0,0,20,72,5,75,58,62,91,51,2,10
Armani,909355,48,91,82,19,62,51,78,62,19,51,80,97,21,77,27,28,9,65,23,40,21,68
Armando,426456,19,22,31,6,69,10,65,25,84,24,93,44,16,84,26,58,40,78,43,96,6,61
Arthur,550339,72,37,67,91,82,98,8,1,96,3,95,4,44,18,77,21,79,84,53,31,42,85
Arya,992921,62,67,39,63,25,74,57,52,87,39,36,14,99,16,45,81,61,62,0,63,70,46
Asa,538645,3,32,86,97,46,92,86,96,80,99,74,95,58,86,47,3,18,32,73,66,55,51
Asha,110874,10,37,96,90,10,94,39,13,9,31,17,13,79,87,20,12,72,73,27,50,95,20
Ashanti,499222,45,19,32,20,96,84,89,81,73,90,84,25,76,49,72,37,95,27,7,21,29,75
Asher,145301,23,68,90,15,93,61,4,38,49,39,83,90,20,7,80,92,92,4,2,76,53,6
Ashley,894627,71,62,0,96,94,94,99,63,76,9,88,90,72,67,30,97,98,39,41,4,24,3
Ashlyn,758238,45,40,2,64,31,93,66,30,88,3,50,16,21,45,93,20,7,55,43,62,26,12
Ashton,785238,34,83,38,34,13,26,68,43,21,53,35,54,43,34,96,77,1,86,86,60,46,72
Asia,674851,70,43,58,32,58,17,86,34,2,85,72,9,96,32,60,83,61,93,56,50,77,46
Aspen,719502,14,74,37,41,92,9,54,71,35,97,57,21,9,32,44,40,65,43,48,69,52,17
Athena,348765,50,9,75,44,52,78,69,28,75,49,12,96,70,43,27,7,19,16,78,91,11,78
Aubree,221850,15,84,37,70,32,29,22,12,8,19,26,16,89,69,76,48,15,57,14,20,77,96
Aubrey,241931,59,53,12,55,95,87,34,14,54,74,85,93,59,15,32,90,99,70,38,72,45,39
Auden,606611,39,9,33,99,87,53,48,79,44,10,32,8,34,1,34,92,60,97,38,54,23,58
Audra,241071,22,7,64,20,39,8,8,79,31,71,16,47,10,52,85,80,58,17,11,91,42,98
Audrey,879017,28,18,13,97,59,20,38,49,99,61,80,64,12,62,87,87,31,73,32,6,77,6
August,9315,19,75,41,85,81,22,33,53,35,94,92,47,97,64,96,81,58,78,82,3,7,29
Augusta,501078,40,33,6,79,92,8,8,47,80,71,58,26,21,94,61,41,66,11,75,2,41,76
Augustus,568939,78,16,55,68,39,21,9,84,47,72,25,37,41,80,71,85,57,45,14,1,82,68
Aurora,153302,64,40,15,65,90,11,37,16,87,12,52,3,37,78,27,24,88,87,38,17,42,64
Austen,645822,44,32,8,85,67,15,85,73,67,19,61,45,72,39,34,32,96,79,65,26,55,13
Austin,56055,40,56,26,88,69,46,62,34,23,46,52,99,0,16,27,8,75,6,22,99,57,16
Autumn,810497,86,52,63,16,89,73,78,51,94,47,82,21,76,75,17,75,37,61,67,7,95,59
Ava,310647,50,36,54,80,2,58,28,63,53,38,19,43,43,74,65,90,18,95,83,31,81,21
Avianna,22392,84,97,62,79,82,88,23,63,29,19,62,33,72,69,43,3,65,94,63,57,71,77
Ayaan,354349,12,86,21,5,17,53,74,90,90,93,76,88,88,38,47,53,88,55,12,60,58,22
Ayana,136523,77,49,61,27,76,25,52,89,45,44,30,58,97,5,51,87,10,58,23,96,61,91
Ayanah,410557,83,88,0,69,26,24,39,77,36,9,41,57,49,70,69,92,5,19,41,62,60,89
Ayanna,344521,84,41,54,93,14,28,55,16,4,53,77,57,86,27,15,16,39,50,27,74,76,48
Ayesha,560927,4,44,77,58,83,43,90,69,13,19,32,11,69,88,64,36,95,79,8,0,90,31
Aylin,489327,44,99,49,55,28,95,75,6,33,70,76,16,95,87,7,74,78,63,61,54,50,92
Azaria,216696,28,33,45,93,59,18,46,6,17,69,36,98,90,8,73,16,24,99,68,87,16,37
Azariah,75367,61,38,78,80,17,40,95,88,99,15,25,20,65,60,90,32,86,23,84,77,33,43
Azrael,658625,67,26,86,63,74,69,41,73,47,4,56,81,38,1,94,63,41,73,9,93,98,80
Bailee,469636,36,20,79,16,63,15,2,38,82,19,40,66,63,39,19,20,11,97,73,40,73,95
Bailey,426441,61,13,15,48,50,55,32,58,32,23,90,36,65,75,91,22,7,71,10,81,66,22
Barbara,895365,79,99,45,60,86,33,57,60,41,66,39,90,11,5,31,64,96,45,58,17,95,99
Barrett,537649,55,33,71,46,3,58,73,23,42,98,71,4,56,96,87,77,82,18,49,21,23,88
Barry,16124,14,54,29,67,91,67,81,59,35,5,49,2,92,98,83,1,95,27,12,41,14,36
Baylee,310747,72,77,6,6,71,17,61,39,91,2,72,66,55,53,15,41,15,60,0,47,70,4
Baylor,117128,94,52,74,84,49,4,23,43,6,67,7,22,98,81,4,37,61,91,97,91,89,64
Beatrice,358778,34,66,6,32,13,44,71,47,11,73,47,74,22,55,2,80,46,81,25,37,22,66
Beau,550718,15,50,71,76,76,84,9,88,61,73,53,5,3,98,53,80,38,17,26,40,93,19
Beckett,645684,14,38,94,60,94,81,8,63,60,25,4,67,28,8,95,97,80,39,50,91,40,81
Bella,428414,33,49,85,65,78,57,44,55,10,26,67,1,21,12,83,94,40,89,62,18,90,56
Belle,290919,3,4,19,48,13,76,40,59,83,23,2,27,0,61,22,27,70,36,57,91,70,83
Ben,732541,50,92,47,29,70,89,67,51,24,14,32,56,6,71,91,4,4,71,77,77,31,17
Benedict,638327,54,19,37,21,37,65,40,96,2,80,21,55,32,23,51,9,23,65,34,49,26,37
Benjamin,571403,77,47,62,49,29,30,45,21,9,21,67,74,12,64,37,86,91,39,68,90,5,61
Bennett,435517,23,68,90,66,84,27,65,19,12,17,71,21,6,9,18,83,73,47,1,74,95,18
Benson,214293,23,9,52,62,29,83,35,75,36,44,23,23,90,86,37,79,5,43,30,49,41,25
Bernadette,402197,34,79,56,51,84,64,65,99,58,48,28,40,72,15,96,86,32,54,8,8,47,77
Bernard,583020,38,48,47,96,90,6,17,17,60,10,47,91,22,17,34,3,25,62,88,33,26,41
Bernice,993539,25,44,98,85,83,82,30,36,95,28,46,76,18,28,22,65,91,50,0,77,10,73
Bert,827169,2,84,49,67,42,77,49,21,73,40,62,20,83,98,14,0,7,85,58,12,49,14
Bertha,421252,34,52,1,8,50,91,69,21,8,99,35,46,31,2,56,32,55,89,39,80,3,97
Beryl,518971,5,13,60,25,76,91,25,31,93,45,65,82,33,51,78,31,69,29,42,36,94,25
Bessie,505122,40,56,31,16,14,81,66,95,33,52,19,68,8,14,69,66,3,8,84,64,24,75
Beth,433805,49,10,3,92,89,36,53,95,10,85,42,92,84,92,33,12,30,4,84,71,63,90
Bethany,356464,92,11,39,9,61,54,95,93,25,73,47,42,61,13,72,50,26,24,45,86,3,9
Betsy,163223,99,27,47,36,69,5,45,46,99,23,16,63,8,23,48,68,55,8,48,51,49,7
Betty,297661,3,9,3,44,34,82,44,3,60,83,23,77,85,75,94,91,40,21,93,29,98,9
Beulah,283540,68,72,62,49,27,36,60,7,71,97,87,17,56,3,90,16,96,66,51,2,64,13
Beverly,495298,17,84,49,37,22,40,65,47,28,89,83,74,75,57,79,49,22,4,0,39,61,37
Bianca,85015,1,10,29,51,96,77,35,72,80,49,83,73,96,50,35,39,99,36,87,85,58,51
Bill,115038,42,47,92,86,72,23,46,27,52,98,91,51,82,90,16,25,92,72,49,91,69,12
Billy,80210,28,36,74,33,97,81,5,98,11,13,65,21,91,63,77,89,71,44,24,37,41,39
Birdie,121966,5,52,41,24,70,1,70,13,77,28,62,89,74,30,11,51,46,73,86,50,90,67
Blaine,547102,72,84,6,35,39,72,96,28,38,67,55,74,23,32,65,38,78,97,59,54,8,11
Blair,268826,7,69,58,80,65,30,79,51,13,62,63,56,9,80,43,69,72,75,39,57,31,60
Blake,129952,23,85,12,46,51,17,21,56,26,68,61,4,4,96,67,91,67,25,59,78,92,85
Blanca,95098,55,89,65,95,73,87,45,9,99,37,7,90,71,39,33,81,70,13,16,63,65,37
Blanch,191769,53,59,46,55,68,70,27,56,69,39,11,55,41,76,38,90,70,78,12,30,31,73
Blanche,551736,11,12,62,21,40,61,31,51,61,54,44,45,32,91,87,90,55,33,69,14,42,68
Blaze,874947,32,31,85,87,97,52,51,71,85,95,15,38,95,89,46,31,19,10,37,6,60,62
Blessing,959528,69,99,28,59,98,16,89,90,52,34,36,63,37,91,1,50,12,18,26,20,3,52
Bo,135260,23,88,16,93,87,11,64,71,0,29,91,6,95,36,80,77,51,28,20,6,62,38
Bob,584248,54,0,63,53,71,27,13,40,81,92,89,4,52,86,9,82,45,34,68,31,84,73
Bobby,838771,27,35,51,41,31,87,29,99,27,57,29,36,94,2,67,34,46,7,45,87,92,2
Bodhi,990173,96,46,81,84,34,88,22,76,75,14,44,90,72,36,11,22,61,80,51,19,36,61
Bonnie,86623,37,55,37,88,75,79,30,28,81,97,8,28,73,71,66,90,36,90,74,21,92,92
Booker,227252,98,30,58,15,15,8,44,31,86,11,31,93,9,82,57,83,84,67,10,32,11,7
Boston,509987,12,96,38,70,9,48,5,1,81,0,43,39,91,45,52,8,73,97,19,2,23,49
Bowie,668516,94,77,92,28,20,44,67,48,24,53,80,42,50,94,66,3,84,42,68,23,87,99
Boyd,373576,25,89,31,9,73,24,37,99,59,98,47,33,16,47,79,81,58,76,38,59,46,68
Bradford,186714,71,73,55,47,94,28,31,9,69,50,61,43,17,30,85,17,65,40,94,35,54,48
Bradley,972866,62,59,57,93,6,73,73,29,90,36,46,49,37,33,26,23,77,88,2,28,74,61
Brady,226013,49,75,85,19,2,69,26,42,31,76,27,44,81,39,16,54,40,24,61,76,33,31
Braeden,305825,3,85,13,54,50,62,96,43,76,91,71,13,63,25,54,50,0,56,23,3,38,20
Braelynn,960799,84,20,85,79,4,22,68,22,68,79,31,23,38,1,15,55,80,80,66,84,86,17
Braiden,157563,40,65,4,23,67,72,32,39,15,97,50,23,65,63,89,43,40,89,37,1,93,25
Branden,53765,15,4,77,36,11,41,98,83,66,37,94,86,73,94,46,97,11,56,1,42,17,80
Brandon,135408,75,69,31,71,81,68,47,5,27,35,85,35,62,90,82,76,88,11,67,14,2,23
Brandy,835513,50,53,15,82,81,87,15,20,82,97,7,46,74,32,40,13,87,58,85,10,98,2
Branson,426823,42,85,47,98,91,63,79,98,43,96,71,12,31,84,38,5,7,24,47,3,57,95
Brantley,974088,31,48,23,89,29,44,82,7,44,35,80,65,87,26,38,65,72,72,98,24,52,17
Braxton,983955,53,24,66,38,76,59,81,94,82,70,94,82,6,25,30,38,13,23,30,92,31,76
Brayden,721881,42,50,78,35,88,14,75,33,81,35,16,38,48,6,6,50,52,22,58,46,50,37
Braydon,842282,14,64,24,82,24,27,46,22,66,2,77,59,83,28,28,42,45,17,41,22,6,66
Braylee,597167,54,62,11,24,4,61,5,54,68,84,8,16,45,80,79,89,27,59,76,64,12,97
Braylen,498376,63,88,54,98,29,16,89,61,5,57,18,82,6,7,54,71,94,35,43,74,6,56
Braylon,245819,74,4,70,18,31,22,43,93,54,74,75,75,37,73,92,56,76,78,5,54,42,65
Breanna,860609,95,28,12,98,18,76,18,0,53,93,46,81,59,59,24,45,80,69,87,63,46,87
Bree,244737,2,17,74,48,30,85,83,47,48,33,65,9,6,99,18,34,40,9,57,92,35,48
Brenda,669323,45,55,26,42,74,21,23,5,62,0,95,23,82,15,92,10,35,86,17,82,61,94
Brendan,651278,11,61,90,93,62,33,60,44,11,27,87,27,33,55,44,73,18,89,58,17,54,49
Brenden,398265,35,63,76,1,93,93,45,15,92,84,24,63,9,25,26,10,24,51,62,87,71,42
Brendon,212820,53,35,2,25,18,97,63,71,13,40,71,99,69,93,28,33,91,32,25,10,92,15
Brennan,200901,47,2,79,54,87,97,10,7,59,5,5,2,45,65,18,30,94,33,0,98,33,34
Brent,757902,35,69,33,26,65,86,59,46,14,99,86,35,81,81,94,7,50,62,96,84,92,36
Brenton,173342,14,69,41,24,95,39,36,22,84,29,46,67,67,74,87,6,32,92,93,9,56,17
Brett,466794,8,91,47,32,62,93,51,51,86,66,49,89,83,11,88,80,38,68,41,98,14,22
Bria,55427,87,4,86,68,32,16,70,34,95,45,27,62,87,48,21,63,19,23,83,34,92,53
Brian,426351,3,62,2,47,92,88,75,9,0,85,85,34,58,61,51,81,23,82,25,76,99,90
Briana,983946,70,82,58,2,72,39,59,75,24,90,64,82,47,75,2,52,55,59,76,53,73,10
Brianna,214627,16,56,92,38,88,33,68,94,47,10,1,32,87,60,48,11,17,43,10,63,23,82
Brianne,313643,25,54,8,92,0,20,88,80,1,1,45,5,49,54,66,74,87,18,18,17,60,54
Briar,727612,3,78,12,54,52,66,21,40,37,41,81,56,74,26,31,78,34,7,83,61,76,72
Bridget,114801,19,47,28,98,0,24,96,80,35,33,57,16,43,80,51,82,22,66,97,83,5,5
Bridgette,187899,84,61,13,43,96,56,69,71,18,29,99,44,81,58,79,4,9,28,35,15,42,70
Brie,288665,24,23,48,16,82,24,60,42,52,85,24,18,17,44,92,81,10,94,72,15,87,19
Briggs,287040,9,75,70,98,29,96,63,62,37,25,76,0,65,11,42,14,28,96,45,73,71,67
Brinley,377223,54,8,14,89,79,30,10,61,35,48,48,94,80,51,8,84,40,32,20,34,24,47
Bristol,875275,23,70,80,48,58,98,67,89,16,72,80,80,6,7,16,1,57,24,36,35,10,43
Britney,911006,81,73,82,5,3,4,75,55,68,31,42,21,17,22,43,35,89,25,36,90,82,87
Brittany,79503,93,76,74,25,63,53,26,83,40,58,65,59,69,93,50,13,12,14,38,45,14,6
Brittney,382367,88,86,59,97,79,27,37,60,8,19,15,28,74,4,76,1,72,84,90,61,43,29
Brock,399369,97,45,3,34,83,85,24,15,59,94,21,2,50,56,17,79,92,43,27,50,94,85
Brodie,762421,15,40,36,90,41,71,56,41,93,42,44,83,28,3,27,53,80,54,60,71,13,64
Brody,288977,87,35,28,72,81,58,22,86,64,55,30,40,86,52,82,35,70,46,18,81,97,84
Bronson,523588,98,38,96,80,80,44,6,33,8,61,29,97,51,46,80,4,36,41,96,65,37,13
Brooke,205491,94,7,46,71,31,43,94,86,48,90,54,8,74,89,46,54,22,61,35,29,20,37
Brooklyn,777857,59,22,28,94,59,85,55,11,42,93,88,66,75,80,80,31,25,79,24,0,1,24
Brooks,714032,37,9,27,51,57,56,83,58,25,21,21,62,63,63,60,33,63,81,33,25,75,13
Brown,801018,46,28,25,80,33,18,87,43,5,36,26,92,40,11,91,73,88,52,89,29,96,33
Bruce,239555,22,6,5,78,86,52,99,75,37,33,5,18,61,1,77,55,96,96,9,65,22,37
Bruno,557706,59,60,96,30,40,68,97,5,16,58,86,36,11,36,99,95,29,35,39,53,86,11
Bryan,600124,25,86,14,18,31,93,66,26,7,4,69,29,28,82,76,52,76,69,49,10,50,9
Bryanna,59914,6,53,36,2,14,97,12,12,56,95,48,30,16,37,43,90,24,78,0,76,24,65
Bryant,832466,37,23,51,3,83,60,70,46,2,89,88,26,15,55,55,55,61,24,14,91,57,42
Bryce,436617,6,96,26,66,81,51,48,39,51,5,9,71,68,78,72,12,11,43,13,26,12,4
Brycen,710232,87,92,89,32,96,45,78,77,82,71,32,35,45,50,79,38,94,71,60,41,66,66
Brylee,434063,10,37,8,21,96,70,86,83,43,44,30,4,90,30,18,65,75,57,98,4,41,66
Bryn,79581,81,74,56,23,37,89,97,82,4,43,44,89,42,84,45,90,12,55,57,83,2,24
Brynn,940490,28,94,65,0,25,37,96,11,34,21,27,36,53,99,93,7,33,1,18,43,2,6
Bryson,907321,30,16,98,80,46,86,53,57,63,47,52,20,6,92,67,37,80,50,17,84,6,33
Buddy,786534,13,86,74,79,14,52,74,5,47,31,50,45,58,79,37,19,29,5,50,73,26,71
Buffy,106393,96,54,88,83,86,23,50,36,9,28,70,27,52,23,84,96,20,85,34,54,19,6
Byron,29886,67,44,31,34,10,42,70,54,41,58,61,8,32,33,29,17,33,31,6,31,87,6
Cade,515250,69,32,23,88,56,55,39,70,99,72,34,3,58,49,17,94,28,19,4,99,92,54
Caden,722238,40,20,38,91,54,51,11,50,40,69,4,94,93,87,39,4,84,92,79,35,43,90
Cadence,245377,99,58,11,55,40,17,97,14,62,53,24,63,65,24,10,12,22,1,68,64,25,38
Caesar,575904,97,47,84,10,18,45,30,72,67,65,84,66,57,58,68,26,13,76,85,39,71,31
Caitlin,249178,86,26,17,86,32,41,89,32,4,86,9,10,48,51,59,66,96,55,39,9,40,21
Caleb,310291,8,39,68,11,98,56,93,11,65,29,41,42,34,12,49,44,58,98,17,58,46,2
Callen,813964,70,77,2,17,90,28,41,61,81,82,77,82,96,52,63,86,64,41,36,30,11,69
Callie,843748,27,70,2,86,54,10,6,89,13,66,66,17,30,54,68,31,95,15,26,63,48,61
Calvin,562181,87,15,78,47,94,81,20,53,53,63,91,61,71,5,12,42,3,73,96,32,45,50
Cam,998863,44,48,23,6,43,40,7,87,26,40,95,82,67,49,57,52,45,17,20,93,11,70
Camdyn,879904,37,41,27,17,11,5,66,11,48,5,21,2,51,26,97,96,71,10,88,44,92,44
Camden,369448,85,87,90,60,40,92,68,37,54,70,1,8,66,9,89,87,59,4,91,83,39,91
Cameron,841696,60,29,45,4,2,33,46,69,71,21,61,13,66,36,85,35,22,82,46,96,17,34
Camila,331195,97,67,78,4,89,25,72,54,88,22,92,18,14,63,92,58,6,76,72,14,32,84
Camilla,127811,1,3,27,18,70,60,18,3,71,32,35,42,71,16,78,63,35,33,69,92,82,82
Campbell,506930,43,53,18,26,17,16,80,64,58,38,34,11,11,15,4,38,93,99,90,58,59,20
Camren,7588,46,56,63,65,57,53,38,60,63,13,61,62,32,12,76,1,88,87,90,77,30,61
Camryn,978675,29,95,86,3,35,3,59,19,57,90,39,39,32,78,50,10,83,66,49,33,66,34
Candace,699496,26,92,5,72,49,92,71,69,17,32,47,71,2,86,0,93,18,38,96,65,36,97
Candice,95370,60,83,3,16,58,12,60,93,53,37,23,68,5,41,12,77,33,91,55,73,65,57
Candy,713035,80,17,71,56,92,0,46,67,72,15,66,31,2,35,85,47,89,65,45,11,99,82
Cara,295357,15,27,96,19,54,85,80,24,71,52,50,2,14,82,61,32,44,40,2,54,25,54
Carey,670709,26,18,82,53,34,1,10,68,95,2,45,34,10,27,85,7,67,1,53,54,26,57
Carl,150942,8,60,85,26,72,39,24,77,46,79,3,10,10,44,62,4,47,7,93,75,99,55
Carla,530112,34,70,34,74,71,52,48,12,39,45,8,67,37,89,96,55,18,12,21,54,36,87
Carlo,68018,2,27,72,35,99,45,65,17,51,84,0,15,25,30,1,34,6,23,45,97,24,46
Carlos,648194,8,34,74,85,72,9,82,13,16,1,23,47,85,95,86,42,72,50,82,47,72,49
Carlton,222377,59,81,11,65,8,79,65,3,63,32,97,1,23,12,50,54,30,31,97,68,2,40
Carly,213830,98,48,40,79,24,22,92,39,14,29,91,22,79,91,69,64,82,69,34,71,1,39
Carmelo,386845,1,67,81,35,6,21,10,13,68,93,20,66,46,51,52,13,4,66,64,11,86,45
Carmen,823532,43,47,28,12,37,63,39,46,51,14,56,71,36,62,78,52,89,52,98,39,57,23
Carol,66387,26,75,55,28,56,82,68,55,45,0,5,44,98,44,27,36,87,20,51,26,82,15
Carolina,381598,81,24,78,77,31,30,32,56,58,77,56,87,47,6,17,53,19,59,60,83,11,75
Caroline,594039,56,91,17,86,90,98,2,13,79,12,48,73,99,63,76,76,21,57,38,71,30,56
Carolyn,704012,39,56,1,84,57,89,50,78,20,75,77,88,10,16,68,73,84,66,69,79,48,15
Carrie,596823,24,53,91,20,81,39,90,37,83,4,23,90,19,67,44,76,82,23,40,79,87,17
Carroll,719460,8,46,91,82,1,85,52,14,25,2,11,96,7,54,81,55,92,83,87,4,40,27
Carson,81136,93,0,3,56,89,13,19,71,28,42,19,50,29,34,30,11,11,33,80,0,54,87
Carter,655803,50,37,5,30,73,26,19,24,11,39,95,11,13,93,9,45,88,10,62,3,44,66
Cary,640575,11,48,25,87,88,37,13,44,64,83,20,9,67,67,87,8,75,70,39,69,37,43
Casey,132116,1,76,28,33,85,35,38,11,55,89,8,48,35,43,91,54,60,13,56,55,86,44
Casper,300546,17,7,65,52,13,41,80,18,66,50,45,34,63,36,66,78,25,61,1,36,0,3
Cassandra,341020,35,59,76,20,65,63,97,45,91,9,3,97,90,35,89,60,45,22,55,20,58,17
Cassidy,893540,65,48,47,48,11,0,94,10,13,23,31,77,70,35,26,39,20,35,61,20,43,63
Cassie,90685,85,0,0,54,94,14,34,52,43,78,56,99,33,57,88,10,84,96,34,41,71,50
Catalina,732796,6,77,5,99,47,38,89,41,49,67,27,31,35,77,77,28,31,67,90,96,0,20
Catarina,107778,49,53,66,37,11,92,71,13,59,65,9,23,33,15,5,8,9,78,7,41,78,61
Cate,611608,28,37,78,52,45,25,60,59,76,41,0,76,89,0,53,41,21,49,12,74,71,19
Caterina,800300,71,2,37,92,87,46,3,99,92,20,72,64,40,17,65,92,54,33,45,61,74,23
Catharine,708187,2,59,0,37,57,56,36,78,88,75,18,19,60,8,26,95,60,41,71,74,71,83
Catherine,401151,59,67,0,14,51,56,56,9,78,95,11,61,73,11,33,92,23,85,68,53,16,99
Cathleen,994461,92,11,36,58,74,59,46,12,42,19,72,62,8,70,45,41,39,55,64,41,42,30
Cathy,709044,73,11,7,87,44,30,98,54,93,19,79,63,42,52,48,82,77,6,96,15,14,32
Cayden,920065,93,83,58,43,48,82,39,22,74,41,71,25,71,66,62,78,34,47,5,2,83,30
Cecelia,302963,18,39,92,4,9,95,95,82,95,14,52,51,72,32,38,96,17,33,9,0,94,55
Cecilia,924080,32,14,81,14,41,20,1,97,34,65,57,84,94,37,55,83,14,16,17,83,71,13
Cedric,310420,95,77,89,99,45,82,28,43,62,65,60,0,69,7,59,60,10,79,57,43,27,21
Celeste,186600,38,17,23,48,1,51,10,78,83,2,32,48,79,78,70,4,41,61,64,96,40,26
Celia,379653,70,57,63,98,90,53,58,80,63,16,64,76,72,81,83,73,28,56,72,20,31,2
Celine,705200,88,75,22,74,94,42,52,97,80,79,40,2,94,27,88,6,28,55,0,88,92,85
Chad,153435,37,45,90,45,97,69,0,86,61,62,16,39,36,43,49,86,81,2,52,75,94,97
Chadwick,518992,12,87,45,35,0,95,68,79,70,2,31,95,6,7,9,28,96,92,50,8,25,74
Chance,119971,0,2,59,28,33,35,3,7,43,73,44,3,45,45,50,68,46,35,0,84,78,36
Chanel,721571,93,32,69,77,96,47,1,86,99,47,52,75,49,37,39,26,72,5,8,35,27,36
Chanelle,467563,87,60,42,53,15,32,11,62,38,5,61,41,71,57,38,22,87,24,48,1,32,21
Channing,836195,47,71,84,18,27,16,7,87,98,68,94,32,43,8,10,40,91,29,58,30,58,29
Charity,378076,87,67,14,58,58,91,37,37,14,83,93,69,57,84,84,63,90,46,63,41,19,42
Charlene,469729,0,21,72,75,25,88,1,90,45,55,63,96,6,95,28,49,64,46,78,47,39,17
Charles,834262,40,51,99,93,43,56,58,24,44,90,49,25,49,26,20,66,34,10,55,50,68,93
Charley,729779,55,37,0,72,10,66,26,15,12,17,53,21,17,81,55,56,82,28,73,55,53,44
Charlie,402618,65,9,88,56,48,8,18,71,24,31,70,67,15,37,29,88,9,23,77,3,28,3
Charlotte,261062,90,96,56,26,92,76,21,43,56,16,30,36,48,12,33,53,4,56,38,5,70,31
Chase,892362,42,90,17,99,0,21,38,99,62,0,1,33,60,36,91,2,16,60,52,2,82,71
Chasity,527229,70,33,53,60,6,89,34,89,43,70,58,68,40,47,41,71,47,87,69,79,20,33
Chaya,228708,48,4,40,48,48,93,6,97,30,41,11,70,61,10,67,20,1,24,38,77,33,8
Chelsea,993337,81,63,81,70,35,0,93,89,98,99,35,18,34,19,61,50,66,99,21,71,7,48
Cherish,151593,29,87,89,54,21,35,93,13,48,37,98,69,83,15,40,97,36,10,15,18,4,40
Cheryl,527996,88,84,14,9,42,15,38,43,73,50,92,51,87,89,28,84,94,10,60,53,81,91
Chester,437176,37,5,95,48,65,68,80,90,80,25,2,64,52,78,84,53,53,18,94,27,55,24
Cheyenne,784452,28,78,67,6,47,82,61,33,60,47,96,70,29,81,41,9,8,29,88,94,62,51
Chiara,606658,84,4,82,87,48,16,1,56,48,39,37,32,92,1,68,24,92,8,14,52,44,16
Chloe,693817,14,35,95,46,37,55,67,47,24,65,94,15,60,24,19,82,14,27,36,19,36,62
Chris,544365,58,64,9,39,29,58,32,60,54,95,91,20,24,10,70,21,25,61,28,21,11,5
Chrissy,933992,11,19,10,52,38,54,26,2,79,2,73,49,35,79,40,78,85,76,77,1,1,22
Christa,993680,31,45,98,59,26,92,76,78,31,49,10,6,63,6,13,10,74,50,19,50,30,66
Christal,263309,26,65,54,63,85,21,23,46,90,42,38,11,94,99,80,57,65,44,91,39,31,8
Christen,575677,94,94,23,39,59,38,19,35,73,40,71,81,65,64,79,1,65,69,10,24,35,46
Christi,632326,12,65,85,21,60,40,38,86,54,2,8,3,81,73,80,27,71,78,50,69,92,6
Christian,211511,25,23,95,29,80,25,84,31,37,99,54,90,87,70,33,88,40,77,62,26,21,84
Christie,730552,26,62,78,66,51,97,91,4,85,51,67,22,72,80,78,50,85,65,89,31,1,53
Christina,697443,53,14,60,2,62,60,7,44,2,82,63,2,79,94,33,47,21,19,38,99,68,84
Christine,72289,71,56,52,46,23,28,82,40,15,24,18,11,11,28,4,85,54,68,78,26,55,60
Christopher,642308,8,65,54,24,11,17,86,34,47,65,14,57,61,22,81,27,69,23,57,63,77,54
Christy,378395,46,88,64,16,52,45,81,14,48,72,96,87,84,46,69,71,31,26,14,45,8,38
Chyna,134186,85,50,29,30,1,46,88,75,79,33,93,34,17,76,19,38,78,7,83,13,53,94
Ciara,135113,61,34,44,31,12,53,7,89,56,27,49,5,19,93,92,61,38,86,84,31,44,78
Cicely,848959,64,84,8,42,81,49,35,72,30,94,58,68,79,14,40,10,14,50,19,85,62,27
Cindy,89372,39,59,19,96,9,70,12,6,68,14,8,35,61,83,83,22,53,38,84,53,97,26
Claire,982136,30,25,21,62,33,43,97,21,48,76,48,29,57,19,69,77,96,66,18,19,81,41
Clara,620125,53,31,61,36,92,91,32,41,77,34,27,3,5,86,49,52,24,63,11,44,10,95
Clare,401324,93,4,24,58,79,2,75,1,21,91,56,1,16,33,91,58,18,76,71,83,76,10
Clarence,470684,0,93,58,32,46,97,45,74,21,45,10,82,85,49,54,55,31,8,38,31,88,70
Clarissa,944940,24,34,51,38,57,66,61,81,54,51,70,68,15,41,88,4,36,94,17,48,99,71
Clark,66821,75,89,22,4,8,54,93,59,0,19,98,80,22,65,71,17,56,92,11,73,61,38
Claudia,388945,2,97,39,37,23,96,30,92,81,81,85,41,23,27,42,58,93,72,69,12,99,85
Clay,424343,36,15,74,5,64,78,33,12,76,98,7,94,89,6,19,25,89,90,5,10,78,3
Clayton,463722,27,32,1,60,66,90,0,23,40,32,51,35,50,41,39,29,97,8,74,16,44,88
Clem,578275,33,62,32,50,5,83,42,16,13,0,8,9,18,47,15,67,84,70,48,18,37,31
Clement,514799,30,64,32,72,24,70,66,87,52,86,43,98,68,45,31,7,93,66,51,96,97,40
Clementine,169602,83,85,15,34,85,75,33,78,42,36,63,4,36,65,65,77,97,51,56,99,80,20
Cleo,191267,41,43,84,66,46,83,47,44,53,66,78,82,47,93,92,58,2,74,4,16,4,51
Clifford,696480,69,12,13,42,15,30,13,96,66,31,10,46,74,18,99,57,31,65,8,33,15,12
Clifton,532799,70,56,71,24,20,58,78,23,42,75,70,46,83,20,85,70,66,82,27,41,81,15
Clint,382017,28,30,2,53,62,63,53,19,1,33,28,4,67,90,58,77,51,86,77,72,38,62
Clinton,268835,35,71,95,8,33,14,68,70,55,78,51,50,72,84,74,19,20,75,76,66,90,13
Clyde,302998,36,6,91,30,86,46,54,30,92,89,4,1,6,58,67,58,8,83,37,41,44,89
Coco,191197,96,24,98,73,24,65,55,29,52,78,55,23,75,1,20,67,12,98,45,57,19,76
Cody,551944,73,65,23,31,61,69,18,97,0,77,97,55,29,66,59,31,45,14,64,85,68,25
Cohen,404179,23,17,31,91,78,15,61,97,22,71,35,52,80,97,62,47,26,76,18,21,34,21
Colby,722468,42,6,79,97,27,42,81,26,57,70,79,24,55,80,81,41,39,1,21,82,44,84
Cole,774694,75,50,35,19,37,13,35,86,71,85,49,86,9,65,42,35,22,16,73,77,45,2
Coleman,885006,56,94,66,80,99,48,23,8,47,38,46,47,43,23,63,75,48,62,46,22,51,77
Colette,320619,85,35,77,33,73,7,70,47,3,24,77,47,10,49,27,59,68,1,46,77,15,83
Colin,691851,72,16,35,14,43,10,76,61,33,84,32,77,15,65,93,12,98,63,67,53,42,39
Collins,799966,40,16,90,44,43,76,86,86,42,75,5,36,80,37,95,15,19,89,46,71,88,12
Colson,68070,45,2,61,63,72,98,26,49,90,66,19,27,75,28,56,1,72,18,25,12,46,87
Colt,749563,58,79,17,69,95,61,67,63,88,90,16,66,62,74,1,99,9,17,64,75,73,17
Colten,624851,42,36,12,43,45,48,36,14,98,25,38,91,62,98,18,31,71,41,21,88,39,29
Colton,412488,34,30,77,74,82,2,15,21,57,72,75,0,40,65,2,57,3,61,57,20,63,55
Conner,6444,40,46,53,77,60,81,66,20,65,64,58,57,41,85,3,74,96,85,14,49,46,95
Conor,772670,57,11,92,33,75,24,80,28,53,41,72,6,39,60,51,98,11,81,6,65,35,71
Conrad,648871,16,16,64,8,15,43,13,1,96,10,23,4,33,32,66,68,16,57,50,75,50,19
Cooper,556967,15,40,85,38,70,53,12,21,70,54,49,6,54,95,45,39,18,55,87,73,88,11
Cora,201548,26,16,88,11,68,43,25,46,60,48,1,7,64,64,53,41,25,46,93,32,5,56
Corbin,984859,68,83,83,12,88,52,87,60,27,92,33,21,87,37,99,58,23,13,70,39,59,59
Cordelia,220922,52,89,63,68,76,66,40,9,56,16,33,80,58,2,64,48,27,53,49,42,75,10
Corey,49331,38,45,27,84,66,99,37,89,28,90,86,30,22,50,15,56,72,41,84,39,29,46
Corinne,782979,47,83,28,93,15,79,52,81,78,70,94,80,22,61,8,91,9,7,30,1,44,35
Cornelius,645689,70,21,56,6,4,14,40,21,35,41,54,25,62,36,33,61,22,1,38,88,74,96
Corrine,739251,72,19,45,37,30,4,98,98,69,36,29,44,2,89,17,41,18,99,79,52,58,96
Cortez,265138,54,20,83,58,92,45,70,36,31,22,93,57,23,76,84,47,54,11,54,64,42,21
Cortney,334912,51,80,94,14,81,68,48,46,22,79,88,66,63,36,16,96,98,98,18,97,32,26
Cory,714148,2,96,87,77,79,31,13,21,80,21,24,21,15,32,47,27,92,82,84,60,69,89
Cosette,459082,10,14,6,9,82,11,22,24,22,54,53,24,93,73,51,87,73,20,37,45,23,92
Courtney,277482,52,54,11,26,20,65,20,48,35,59,55,84,7,9,41,64,4,76,23,66,80,43
Craig,563969,59,56,56,21,37,70,77,56,61,28,61,94,32,16,79,98,31,18,85,51,70,26
Cristina,420716,83,77,28,10,60,8,23,96,26,51,41,66,83,16,25,79,89,63,77,95,73,14
Cruz,193703,37,59,34,81,48,71,31,38,74,99,78,3,2,64,32,29,24,53,62,15,0,33
Crystal,926795,31,30,13,83,7,71,35,30,90,5,31,8,60,85,48,51,37,36,90,90,21,4
Curtis,544202,13,51,25,49,43,74,93,49,34,86,66,74,72,31,30,51,64,4,61,50,31,93
Cynthia,820533,4,40,88,82,70,92,3,25,47,89,5,96,51,36,8,14,11,10,27,9,53,44
Cyrus,736212,12,23,61,36,19,8,86,94,87,57,29,80,29,86,84,13,27,11,12,84,88,56
Dacey,485713,79,51,85,35,83,56,32,76,27,97,96,64,83,0,87,13,5,31,19,7,84,58
Dae,744521,46,51,41,60,68,73,1,96,3,0,76,61,63,73,32,74,0,33,60,68,33,9
Dafne,592898,5,4,25,74,9,21,94,95,55,52,7,35,33,92,56,75,22,69,42,5,36,0
Dagen,672641,52,29,41,56,27,26,26,30,74,48,16,15,93,92,79,20,5,96,45,15,88,42
Daijah,293994,2,48,34,68,1,97,18,87,57,91,15,17,0,8,82,22,54,37,53,58,3,48
Daisey,294921,49,84,93,95,5,96,66,59,74,74,58,68,49,83,51,5,65,51,24,2,70,0
Daisy,204748,12,66,91,37,15,43,26,56,81,85,83,24,33,66,46,93,88,18,89,25,65,43
Dakota,273705,5,45,72,55,62,60,85,42,22,53,13,77,68,41,27,97,39,50,93,62,64,0
Dale,981712,13,98,69,24,15,37,50,65,72,82,20,84,54,26,99,44,23,46,86,84,15,94
Dallas,980037,89,55,83,58,60,79,25,16,73,48,79,27,58,63,36,49,93,79,14,1,16,73
Dalia,439659,75,8,76,69,25,42,57,63,61,58,76,16,6,19,29,77,23,25,86,22,83,5
Dalilah,450350,18,38,6,81,29,26,17,36,56,34,48,52,2,21,99,67,72,46,61,84,98,53
Dallas,673331,18,26,21,34,59,93,36,39,40,34,54,68,11,21,33,48,8,11,59,39,49,44
Dalton,262085,85,3,30,92,13,59,72,15,43,60,49,68,56,87,69,84,98,0,54,53,30,51
Damon,208876,20,42,68,47,54,75,86,9,57,84,32,13,83,91,13,5,25,24,89,4,49,61
Dan,337309,33,69,34,5,9,24,50,60,30,81,9,75,71,5,49,64,81,1,57,41,92,84
Dana,870903,66,32,20,13,88,7,87,32,83,40,62,30,54,40,55,61,97,31,23,51,10,75
Dane,229925,1,49,55,63,53,9,22,99,60,53,23,1,11,8,90,57,3,58,31,12,32,98
Dangelo,507199,98,90,48,0,30,25,7,34,90,19,64,14,73,4,11,62,69,69,87,64,71,77
Dani,929286,95,31,29,52,55,90,87,65,26,62,68,31,58,52,43,39,68,97,74,17,43,32
Daniel,551626,67,72,71,12,76,72,67,47,91,12,78,41,20,15,67,65,84,4,23,99,53,30
Daniela,747005,31,16,39,33,12,46,73,58,83,10,60,13,93,17,14,46,76,76,76,76,90,90
Danielle,354102,21,72,3,31,23,64,57,25,99,86,74,2,11,60,43,83,64,22,24,94,73,11
Danika,335935,97,36,8,45,98,29,13,80,27,53,19,36,8,15,96,64,75,24,42,17,69,41
Danna,383070,55,77,66,11,77,42,99,15,50,85,17,22,82,33,86,20,57,49,70,60,81,85
Danny,228127,40,85,27,63,71,70,59,30,64,66,94,81,65,74,30,58,36,8,39,6,35,28
Dante,569216,13,28,90,88,12,78,62,59,32,94,47,82,80,9,87,45,35,52,58,49,88,86
Danyelle,644687,31,39,55,7,76,68,4,16,34,2,57,54,39,83,30,44,34,96,13,98,55,16
Daphne,858855,58,81,92,21,85,58,57,87,30,76,17,68,88,90,89,25,37,2,55,44,2,30
Dara,413480,14,11,67,82,65,44,59,86,96,28,22,66,22,64,28,51,68,73,85,48,86,72
Darby,271388,25,78,2,72,29,33,85,39,77,9,34,61,87,80,99,69,86,9,84,91,12,69
Darcy,84589,70,41,56,70,81,26,65,87,92,47,20,32,79,30,92,85,96,89,86,50,48,54
Darian,588216,71,13,90,63,34,15,56,56,93,42,63,79,80,21,0,38,83,26,96,71,19,58
Dariana,228122,15,33,14,73,54,31,62,7,53,15,8,99,93,13,68,26,37,77,91,67,86,96
Darien,61772,43,78,72,45,74,32,16,70,10,28,97,30,53,99,39,86,65,23,9,72,41,90
Darin,169616,79,45,40,50,6,98,92,39,14,25,63,4,76,36,56,75,88,80,4,96,41,57
Dario,934770,85,77,53,85,30,18,57,44,85,45,85,59,78,60,26,17,31,6,7,92,52,64
Darius,316024,72,66,92,95,23,74,6,5,93,25,18,5,5,46,96,87,20,4,69,32,34,63
Darla,953996,92,17,81,76,47,31,62,43,16,98,52,17,17,14,88,47,11,12,14,35,36,3
Darlene,766588,45,67,13,6,47,64,47,8,62,45,92,50,4,30,11,75,51,37,37,4,7,97
Darnell,693039,77,56,50,73,21,52,76,66,74,32,58,2,99,14,7,34,76,59,1,10,13,84
Daron,120066,36,99,18,3,54,91,16,65,14,27,66,5,23,53,19,1,83,97,64,83,31,69
Darren,248192,61,74,12,73,42,44,50,7,95,22,12,44,60,31,57,57,40,90,8,67,2,30
Darryl,580628,3,85,16,85,16,42,67,59,19,89,15,72,13,9,81,44,19,82,48,16,24,89
Darwin,515591,26,34,1,27,44,64,2,57,5,27,73,49,60,61,86,77,5,76,63,93,95,80
Dasia,442820,59,58,99,84,92,7,19,6,22,47,85,13,96,55,32,86,28,76,72,12,77,51
Dave,710748,53,14,26,13,87,37,63,14,69,45,54,31,86,82,28,32,67,34,31,64,49,2
David,380207,19,69,47,52,86,37,52,79,93,37,52,66,66,84,53,37,23,31,89,72,3,64
Davin,359445,93,53,45,56,51,14,23,52,60,9,31,17,17,62,50,62,96,28,51,46,79,37
Davina,267704,41,71,80,18,54,16,5,31,70,64,96,24,45,26,38,49,94,11,8,13,16,97
Davis,617916,59,23,34,20,18,40,92,65,0,87,57,67,9,66,8,13,33,53,22,29,70,39
Dawn,394195,76,27,43,52,13,66,12,70,74,30,30,5,50,60,77,94,14,37,6,78,63,59
Dawson,307188,42,97,70,88,6,8,49,52,29,77,78,13,45,59,38,25,17,50,10,64,86,42
Dax,246030,34,57,92,54,51,55,80,96,34,59,20,7,64,47,25,62,21,87,4,52,38,55
Daxton,448944,99,22,74,71,34,83,4,69,61,36,48,94,57,71,23,64,1,88,46,64,75,6
Dayana,704915,43,59,96,96,33,31,91,63,83,41,77,94,47,54,25,9,15,40,20,94,26,46
Dayanara,736502,78,8,93,68,46,44,39,42,0,68,14,53,14,86,8,89,77,7,4,28,67,25
Dayanna,662749,15,20,76,80,98,53,31,81,32,61,97,37,99,53,98,79,61,95,58,49,60,70
Dayton,273206,8,20,87,93,77,31,5,20,62,4,62,7,76,51,7,41,40,48,29,55,56,6
Deacon,134050,22,91,23,90,3,13,80,1,83,87,99,91,83,18,5,6,57,62,87,53,5,93
Dean,961158,17,29,56,56,96,21,53,67,17,21,29,27,47,0,43,43,3,73,46,13,44,95
Deandre,882129,26,37,65,98,46,50,48,67,3,8,6,1,45,86,12,59,48,73,56,36,55,71
Deanna,165828,48,54,69,40,56,40,73,23,99,49,74,30,37,11,6,13,57,4,43,32,6,84
Deasia,72373,99,83,71,4,32,75,58,78,53,36,18,43,6,10,11,61,41,42,27,94,15,28
Debbie,147236,15,87,65,39,13,98,47,23,62,74,88,50,6,52,20,29,34,40,69,95,88,26
Debora,244342,86,79,17,22,46,68,66,78,9,24,50,82,47,89,72,11,84,82,95,57,74,31
Deborah,307603,43,34,13,9,27,43,58,56,45,57,60,87,91,94,69,89,16,35,37,15,27,33
Debra,939607,64,3,10,57,33,73,30,6,54,2,76,22,40,96,68,40,60,6,47,90,32,78
Declan,520200,27,32,24,15,62,36,43,55,67,99,93,96,7,42,50,58,65,84,7,62,59,58
Dedrick,134921,98,41,27,46,61,67,89,8,12,11,58,70,44,7,43,91,7,29,93,86,37,80
Dee,777525,37,49,93,16,33,37,18,77,92,77,21,25,50,62,28,92,57,28,6,35,43,21
Deena,477321,68,83,65,64,13,82,89,65,25,82,23,25,79,44,71,46,52,46,5,88,7,16
Deidra,621685,53,58,89,96,99,48,53,2,54,70,22,2,1,50,38,32,93,43,24,73,88,67
Deion,481271,49,69,39,89,76,56,28,97,3,27,90,78,65,35,4,2,70,69,18,10,58,80
Deja,430067,27,47,62,11,95,35,93,0,94,97,58,56,40,33,53,6,62,25,51,72,36,74
Dejah,875625,70,95,31,80,78,57,63,40,45,63,17,0,75,26,43,80,29,76,54,4,97,89
Dejanae,649192,40,44,57,42,78,98,12,11,89,15,63,64,46,79,29,8,46,52,21,2,55,35
Dejon,243879,71,83,55,79,22,70,26,61,47,40,69,63,32,47,27,9,52,17,11,93,82,11
Delaney,664350,94,51,71,75,63,86,21,69,51,63,18,98,79,4,23,29,43,39,12,27,99,99
Delanie,813539,2,72,21,42,74,11,96,91,28,87,45,7,9,35,20,7,90,54,7,50,35,21
Delano,717612,60,85,34,43,89,42,40,37,12,68,41,4,33,70,12,92,35,24,88,98,48,46
Delany,564616,70,45,85,79,8,3,89,86,54,8,38,7,15,50,67,62,39,76,45,48,58,89
Delbert,338676,53,33,76,19,3,17,5,21,47,44,72,5,44,85,99,31,44,27,75,5,44,36
Delia,853241,6,96,12,25,98,16,93,6,28,65,11,74,54,61,97,67,70,84,67,12,53,90
Delilah,218386,89,93,85,9,54,40,57,79,5,3,61,73,5,27,9,4,80,62,10,31,98,50
Delina,110492,53,78,22,74,3,55,33,89,85,99,84,3,16,65,98,34,44,11,92,93,30,44
Dell,561381,80,24,97,78,38,43,78,48,41,53,22,15,65,52,72,51,75,67,22,71,48,86
Della,270015,26,83,28,67,5,17,35,77,42,49,86,94,22,4,63,23,7,39,71,23,85,43
Delmar,320273,8,66,19,60,34,38,11,4,45,39,60,45,72,96,79,28,28,40,4,44,99,6
Delores,808446,56,90,29,21,18,34,44,5,16,65,29,20,85,23,65,24,29,76,81,16,43,1
Delaney,597811,8,14,98,59,39,85,95,78,67,58,75,73,30,3,31,20,47,52,27,4,1,91
Demarcus,322568,50,85,77,96,18,79,67,4,35,40,22,36,72,2,49,44,82,84,32,36,38,80
Demarion,55116,49,67,40,70,13,39,18,5,91,23,21,49,4,40,41,6,16,84,19,62,50,34
Demetrius,605244,1,22,23,32,41,45,24,15,59,27,55,37,72,53,34,36,64,42,2,72,51,75
Demi,673224,20,37,42,90,89,27,60,61,17,17,92,87,71,20,35,70,88,68,32,63,34,77
Dempsey,172492,29,67,62,61,1,47,29,94,49,71,7,86,15,40,91,33,99,86,17,23,87,55
Denali,362668,76,79,16,8,41,73,46,3,53,45,51,62,35,70,89,43,80,45,94,40,75,23
Deneen,106255,0,73,84,12,75,53,10,40,70,88,5,39,98,94,17,54,15,31,12,78,26,74
Denice,22724,0,41,77,0,47,19,56,5,52,17,32,42,5,93,97,0,77,23,30,51,39,33
Denise,146982,27,82,57,22,70,91,39,9,30,48,42,99,53,51,6,51,99,82,15,14,58,80
Denisse,930432,46,27,34,48,76,4,3,67,83,69,14,22,35,83,0,95,63,81,27,11,6,19
Deniz,947903,13,71,93,4,60,49,6,36,37,55,36,47,70,99,7,45,88,62,95,84,78,1
Dennis,141867,48,81,30,33,60,72,35,67,66,84,14,9,62,9,36,93,61,14,77,68,79,33
Dennise,805545,8,39,84,86,47,1,54,67,56,31,11,56,31,0,71,91,35,30,41,75,98,68
Denny,657665,43,3,40,72,54,7,70,10,62,84,41,61,26,81,93,73,51,81,88,2,47,62
Denver,540763,39,39,94,82,7,50,32,99,23,97,43,83,35,22,22,95,57,88,1,11,62,22
Deon,825392,16,71,65,10,90,33,13,58,58,92,24,38,97,66,31,83,77,66,81,97,17,57
Deondre,319273,46,7,28,70,20,77,43,41,10,46,99,40,47,91,15,30,80,47,97,84,78,67
Dequan,97070,43,76,46,42,90,66,1,89,13,52,49,18,55,64,10,81,83,43,68,83,65,31
Derek,383772,15,93,98,25,82,88,94,35,49,3,28,45,31,68,61,27,88,19,36,28,56,85
Derick,246518,46,6,97,9,51,97,73,11,24,99,4,48,50,0,24,77,41,80,0,6,52,34
Deric,345,86,6,71,63,76,79,64,71,5,64,64,21,22,16,75,30,76,97,59,68,96,24
Derik,283407,24,97,58,77,11,68,48,24,54,38,56,60,96,85,97,71,92,24,40,21,2,96
Dericka,494773,84,22,10,60,79,65,14,20,39,48,43,32,29,56,5,12,64,18,11,6,75,30
Deron,25587,82,41,49,81,55,62,22,89,11,3,84,1,29,26,82,88,15,77,26,93,84,73
Derrion,429809,75,44,61,8,67,63,27,45,52,80,85,87,17,55,89,44,51,57,8,32,23,7
Derry,945142,2,64,70,17,3,92,21,19,47,72,50,62,49,19,36,10,51,46,82,26,21,73
Deryl,628544,1,85,28,8,67,68,9,27,39,19,89,79,0,1,40,69,16,22,51,99,55,2
Deshaun,964357,42,96,72,48,39,95,59,35,63,95,15,55,99,66,30,9,29,52,18,47,88,26
Deshawn,523256,23,34,30,89,32,74,11,26,89,80,35,30,27,61,31,29,32,15,83,22,10,52
Desi,213407,48,69,30,45,58,92,54,86,73,49,65,10,99,67,27,1,11,92,82,77,73,21
Desirae,860713,3,75,86,66,61,97,98,58,84,45,1,8,5,40,87,59,34,24,72,52,10,66
Desiray,881024,17,73,46,3,10,28,95,2,11,98,99,87,35,16,55,45,67,97,88,52,75,61
Desire,46870,75,72,69,0,75,29,50,58,41,64,2,74,77,33,16,15,49,38,97,19,43,35
Desiree,591995,7,77,69,58,80,45,6,29,47,4,97,96,91,92,90,42,55,67,57,35,79,46
Despina,804449,40,85,40,71,1,22,12,28,45,58,57,52,16,51,11,39,87,39,59,11,55,96
Destinee,771092,11,10,34,79,71,3,89,90,44,34,24,86,96,40,0,85,29,83,58,11,67,27
Destiny,550446,73,16,29,67,81,79,86,14,36,17,45,69,27,44,1,31,85,64,29,14,24,83
Devan,132745,1,74,95,1,48,15,78,52,39,67,76,4,77,94,80,30,78,62,70,76,23,92
Devante,196523,70,69,64,45,86,23,62,31,18,69,26,43,93,69,36,84,99,35,68,71,16,13
Deven,340543,19,51,49,88,22,14,14,11,52,95,47,13,27,78,28,83,92,46,27,35,64,32
Devery,419305,77,60,66,8,97,79,36,34,49,25,29,0,30,12,35,21,34,2,37,33,93,4
Devin,472594,9,56,15,97,89,53,12,66,69,71,92,3,6,53,48,7,92,22,41,92,28,52
Devon,840309,51,17,25,94,47,80,33,33,19,81,65,23,16,4,64,31,62,53,53,82,31,85
Devonta,810216,80,60,52,40,80,91,35,83,92,68,80,50,43,10,83,13,3,68,38,79,94,40
Devontae,763639,67,71,47,2,67,22,90,76,26,26,70,64,47,50,14,46,82,81,84,93,65,21
Devonte,631760,67,2,52,27,61,85,75,42,2,27,97,77,0,32,47,34,16,69,39,21,43,62
Devyn,925556,15,8,17,30,49,58,19,34,35,96,96,55,33,69,79,66,96,44,22,25,84,89
Dewey,774189,27,44,25,62,10,46,39,14,14,63,86,62,88,98,57,28,80,85,27,1,13,70
Dexter,161682,75,34,77,36,78,45,57,83,52,59,69,56,6,69,60,31,52,99,19,24,37,82
Dezirae,246879,18,40,33,39,28,57,49,72,67,62,57,74,15,52,65,83,4,2,32,12,22,67
Diamond,558187,15,49,86,27,98,24,11,30,42,19,34,33,13,66,66,4,2,64,38,98,73,86
Diana,809902,35,15,92,43,84,71,81,94,43,18,21,13,10,15,84,69,90,24,19,58,40,64
Diane,852186,30,74,14,50,0,53,1,61,69,12,38,37,9,47,5,33,81,31,97,88,45,91
Dianna,218660,53,73,91,20,27,84,60,20,12,72,66,54,51,6,34,75,56,76,68,69,25,19
Dianne,928144,31,52,72,78,94,56,16,64,43,93,47,55,40,83,92,20,28,2,79,30,19,34
Dina,484132,30,85,89,81,84,64,43,27,90,44,88,4,42,34,1,55,21,12,40,48,98,44
Dinah,832062,69,74,78,29,59,68,75,13,12,0,21,26,20,54,83,53,77,2,2,21,73,67
Dion,590468,44,27,71,46,60,63,27,27,82,25,11,78,30,4,35,33,36,6,82,5,70,87
Dione,919277,79,58,64,94,21,42,52,90,4,12,74,95,20,96,19,71,35,35,36,6,20,68
Dionne,376410,96,30,65,85,46,43,83,7,57,77,12,25,49,64,35,69,84,79,58,54,36,20
Dirk,456601,54,93,12,19,9,35,9,38,40,92,8,42,74,14,39,47,89,16,52,82,9,31
Dixie,842437,75,25,90,28,27,84,15,58,8,16,3,7,40,39,25,10,26,39,3,45,99,24
Dixon,122470,31,55,48,37,81,69,92,98,45,82,48,60,17,67,97,37,7,40,46,23,16,83
Djuan,750296,36,28,92,56,87,13,8,77,60,50,10,8,19,65,90,86,16,13,42,46,26,26
Djuna,562589,81,77,34,31,25,22,74,89,41,8,85,51,81,35,66,25,58,27,92,36,34,75
Django,685146,90,92,50,62,70,13,52,11,20,47,70,5,12,37,47,2,28,18,63,80,9,84
Dmani,151695,62,24,45,69,76,87,57,19,44,46,39,15,18,23,39,8,69,90,5,13,7,49
Dmya,542935,72,63,42,75,27,99,4,75,8,73,46,66,90,21,24,57,81,25,26,56,29,25
Doc,838716,81,97,42,49,19,25,27,0,57,45,27,85,13,70,23,4,46,87,46,17,32,94
Dodge,867511,35,74,72,45,11,76,49,87,19,9,54,19,63,7,48,16,30,6,14,94,68,23
Dolly,882429,55,51,56,35,38,73,23,38,43,28,7,78,10,33,31,35,79,79,21,86,54,40
Dolores,414646,11,22,26,59,63,14,76,27,35,62,39,39,27,90,48,10,39,22,62,43,40,63
Dom,153007,31,14,72,52,52,71,56,64,51,35,11,28,21,86,40,78,57,43,99,20,27,82
Domonique,475514,25,18,89,90,74,40,63,82,55,92,46,6,22,69,15,63,71,76,80,60,24,23
Don,732804,74,98,35,27,33,96,98,54,80,34,10,52,99,85,55,76,44,22,60,83,44,77
Dona,702788,55,15,54,93,53,68,22,97,95,63,23,7,37,97,93,98,26,81,77,27,39,78
Donald,813629,81,49,83,25,22,30,0,97,54,55,1,2,96,4,44,89,28,69,93,49,43,71
Donavan,691496,28,86,93,90,64,42,32,58,49,68,8,77,51,80,52,74,16,19,72,7,71,67
Donell,390114,66,53,63,89,36,49,67,93,1,6,0,97,63,7,68,38,69,89,16,27,44,42
Donelle,257994,53,0,17,70,88,74,33,78,17,39,40,73,0,80,37,73,20,69,97,82,93,75
Donetta,287303,39,65,25,0,56,71,78,27,37,99,25,81,41,42,31,45,46,14,75,96,99,63
Donia,8221,93,15,0,41,36,84,8,97,7,69,74,44,15,85,97,66,80,14,46,73,54,28
Donita,448779,7,30,83,75,47,51,24,37,60,2,94,34,9,70,10,86,82,88,75,53,70,79
Donna,305824,87,0,70,26,63,75,12,75,18,44,89,40,41,73,0,48,34,66,92,53,81,47
Donnell,728569,23,2,7,4,57,98,78,6,69,83,29,59,95,38,69,10,74,22,2,54,88,67
Donnie,447503,54,76,99,20,97,75,7,46,2,61,26,25,93,34,94,32,51,29,70,51,48,64
Donovan,270587,0,46,17,77,49,84,5,77,13,18,25,88,13,71,3,8,4,60,76,42,92,71
Donte,673272,62,56,47,91,61,47,82,88,54,4,14,81,67,51,76,73,97,99,34,69,40,86
Dora,783613,93,91,99,77,51,70,76,75,46,18,13,23,86,58,12,5,96,2,28,8,46,37
Dorian,420190,47,48,84,17,75,87,4,41,84,46,74,26,75,26,25,17,70,82,34,46,66,90
Dorinda,4008,58,25,92,27,43,52,44,5,28,0,79,74,95,48,89,49,8,74,97,24,70,71
Doris,947016,15,54,1,32,34,32,55,94,36,85,4,27,40,22,94,22,68,89,21,5,41,72
Dorit,523870,66,63,10,58,13,61,16,12,71,11,72,91,35,79,98,90,73,4,16,83,46,67
Doris,482381,19,40,88,38,47,46,22,73,40,79,12,65,0,75,10,37,51,10,29,82,9,69
Dorthy,106602,41,79,70,34,71,18,8,42,80,89,37,1,16,19,35,8,7,19,26,47,57,34
Doug,389146,22,64,55,10,39,67,22,87,87,60,24,48,83,19,60,48,68,17,31,76,73,5
Douglas,37538,8,7,80,49,70,53,70,22,50,38,37,96,84,47,37,79,96,99,88,64,10,7
Dove,392229,1,90,98,19,72,76,20,53,90,32,22,92,80,19,18,95,37,87,81,4,15,69
Draven,903035,94,90,52,89,29,57,6,81,82,36,69,67,18,22,21,83,40,62,21,86,28,51
Dre,726100,26,9,89,31,86,2,18,22,90,27,75,71,63,15,61,92,83,91,88,7,10,13
Dreden,161186,27,92,81,63,19,39,13,48,77,47,83,94,49,31,75,21,52,98,15,82,74,95
Drew,552307,59,71,37,92,16,77,71,49,98,18,96,89,56,98,2,8,22,52,61,32,7,52
Drucilla,680918,50,7,69,45,23,51,8,64,89,61,88,35,21,40,11,55,64,11,11,33,15,54
Duane,247894,4,65,92,21,44,7,31,90,22,69,69,33,2,51,80,40,44,78,31,78,97,13
Dublin,69044,47,37,66,42,93,46,72,81,0,83,20,56,26,69,99,10,61,77,52,32,25,77
Duke,134447,56,62,54,74,1,19,76,25,30,88,98,65,39,12,32,4,85,96,9,73,2,31
Dulce,577675,67,72,75,47,43,15,66,43,64,1,92,53,88,40,33,79,65,46,94,90,66,16
Dulcemaria,7165,11,20,73,30,9,96,11,39,56,14,61,2,56,29,28,89,80,12,64,17,29,21
Duncan,954108,9,51,24,81,97,90,21,37,38,87,93,35,2,75,74,45,52,16,4,58,29,43
Dunia,927125,10,23,11,86,90,94,5,38,96,66,32,56,82,54,68,94,31,84,83,80,83,24
Duran,43879,61,22,83,67,58,93,36,66,42,60,96,85,14,4,14,98,92,16,14,70,74,19
Dusti,291456,59,7,17,13,2,33,51,30,68,76,92,7,87,19,20,85,68,17,6,41,28,29
Dustin,833096,99,83,97,11,96,76,30,88,52,19,15,55,72,8,45,14,24,85,30,52,8,64
Dusty,219871,19,53,81,11,49,10,70,50,75,50,32,1,55,83,90,84,39,97,80,17,13,8
Dwaine,981955,43,11,22,93,91,65,31,19,14,39,71,80,40,49,47,39,52,69,41,71,86,90
Dwayne,957120,20,3,36,20,74,86,27,37,66,38,49,37,77,86,45,78,33,62,97,67,98,2
Dwyane,586353,78,20,0,25,80,39,71,23,1,68,41,52,4,45,28,36,98,10,47,36,99,23
Dylan,844847,20,26,53,49,6,28,69,3,24,66,20,74,91,37,76,36,91,11,98,75,30,7
Dyllan,753893,28,70,88,87,45,21,56,30,83,1,19,2,6,29,94,38,92,78,57,0,78,78
Ean,659546,53,51,87,91,78,61,85,60,24,78,65,90,94,40,74,51,67,15,62,22,59,63
Earl,704180,23,34,22,92,27,33,79,60,68,78,47,7,99,64,2,65,35,6,85,58,4,43
Earline,832675,39,3,56,62,0,12,45,34,58,69,69,87,95,39,91,52,48,10,19,72,94,82
Earnest,127564,97,53,53,17,42,13,12,30,67,77,71,11,48,79,40,49,71,67,55,89,22,46
Ebony,491950,92,18,84,13,16,57,93,49,5,9,54,59,59,0,72,41,68,10,52,15,35,4
Echo,852655,33,44,48,98,27,50,96,84,73,59,96,49,29,59,62,82,76,36,24,41,60,76
Ed,7714,71,60,2,23,53,17,75,94,80,90,3,38,25,79,32,23,48,16,86,48,89,70
Eddie,888498,78,67,42,96,6,73,10,52,17,63,96,33,33,39,0,59,39,55,21,60,10,93
Eden,53756,69,40,61,99,7,34,78,11,7,62,86,98,58,26,23,25,41,27,58,54,18,61
Edgar,294863,4,87,9,46,41,12,96,99,56,14,7,73,33,33,30,55,94,74,31,14,36,95
Edgardo,247439,35,3,82,44,96,63,73,80,24,3,12,76,72,36,73,40,61,93,48,52,84,33
Edison,282430,98,89,42,59,85,93,13,71,97,21,89,41,46,85,27,40,24,68,67,43,63,48
Edith,509630,72,29,6,96,7,27,16,0,84,3,88,13,42,0,42,85,18,34,19,11,1,52
Edmond,407545,18,80,12,46,81,98,64,67,41,75,2,22,3,69,55,96,96,60,8,11,0,32
Edmund,61234,48,40,22,76,46,29,12,76,4,56,5,40,94,29,7,27,87,36,88,36,83,77
Edna,673637,16,36,7,63,17,91,60,21,25,50,94,23,96,53,49,53,51,37,54,38,82,93
Edson,771528,82,9,16,39,63,79,41,84,56,66,75,70,91,5,57,35,18,15,2,8,23,24
Eduardo,18567,84,77,12,27,80,2,54,96,89,76,18,85,27,65,90,57,98,19,28,19,19,50
Edward,605805,60,61,82,50,98,37,26,43,38,6,27,61,79,75,11,53,27,95,28,32,42,6
Edwardo,805116,72,44,29,97,64,64,54,23,11,73,35,29,11,90,21,48,99,61,96,68,98,70
Edwin,538645,67,3,13,30,47,8,90,86,34,25,2,36,25,64,86,57,87,88,84,67,39,98
Edwina,57146,47,55,84,71,60,67,28,88,27,15,53,51,27,50,40,25,93,94,2,6,18,7
Edyth,247595,93,75,16,46,97,82,60,16,21,69,0,43,60,63,24,28,12,3,54,18,35,12
Edythe,828819,81,36,7,5,14,93,80,37,14,11,60,82,60,52,37,44,44,73,30,67,65,68
Effie,563942,73,96,64,28,95,9,23,31,59,31,59,25,51,84,33,29,16,73,37,74,11,43
Egbert,56692,62,23,32,57,73,67,44,75,22,18,12,84,89,8,96,55,80,57,96,46,23,30
Eileen,307000,60,7,23,63,14,1,46,83,48,13,18,27,15,50,42,63,62,33,3,56,4,69
Einar,837669,27,85,8,13,33,25,1,9,70,50,25,61,27,7,82,90,99,35,66,25,15,50
Eino,181000,77,34,68,17,41,79,91,27,80,4,3,40,94,82,30,36,82,80,54,98,68,81
Eitan,379167,51,64,22,81,72,87,71,88,78,50,58,59,51,44,10,7,84,12,83,88,71,89
Elaina,674859,8,7,61,74,64,61,44,71,92,73,47,84,39,24,19,96,49,40,93,20,49,78
Elaine,975823,36,62,26,96,50,51,37,3,59,95,76,56,81,26,77,55,53,15,98,77,2,4
Elana,821173,38,59,95,20,15,84,66,43,69,55,85,71,44,48,94,82,96,35,35,88,79,73
Elbert,640258,76,30,42,89,79,35,12,0,88,78,85,68,57,94,85,44,71,85,28,90,23,54
Elda,578562,1,58,92,69,67,15,42,77,40,14,91,19,9,68,73,2,78,4,91,3,76,78
Elden,329580,80,65,73,67,24,32,48,57,73,80,94,3,18,33,75,11,22,67,6,47,31,80
Elder,978627,17,5,35,9,53,1,95,52,87,8,92,31,11,30,10,35,13,72,10,74,39,94
Eldon,706233,84,50,28,92,93,73,14,28,23,19,87,25,18,24,91,7,17,77,26,84,19,44
Eldridge,893351,13,31,99,81,68,42,63,44,46,28,16,74,9,25,18,71,93,23,63,46,33,89
Eleanora,708592,72,30,90,84,6,77,78,42,19,56,65,70,45,94,32,66,95,60,30,95,3,72
Eleanore,839577,18,21,7,95,46,37,73,52,31,61,95,81,86,30,14,76,5,99,56,10,77,68
Electa,806215,10,26,60,66,7,73,0,33,57,10,19,56,80,22,36,7,7,18,85,61,46,45
Elena,43732,84,66,96,29,14,72,72,78,28,58,89,37,20,57,1,41,63,66,62,7,49,85
Elene,115523,9,10,69,68,98,42,74,27,36,20,74,95,45,34,75,53,85,91,93,96,50,67
Eleni,582110,29,35,23,41,47,9,79,2,83,35,75,48,83,18,55,22,56,34,15,79,59,15
Eleonor,757713,25,58,82,95,54,35,79,79,56,11,77,88,44,44,13,47,37,73,25,37,7,29
Eleonora,720641,67,55,56,97,96,72,71,15,26,78,78,74,46,36,10,59,91,65,67,39,95,99
Elfrieda,171972,27,75,78,84,52,66,84,42,47,38,93,14,25,51,69,59,80,55,45,45,21,85
Elgin,174272,49,4,86,94,38,33,87,22,16,45,51,90,13,97,25,83,24,8,36,17,52,13
Eli,38580,94,10,2,43,93,43,30,4,83,40,95,19,54,28,7,5,71,90,94,56,13,55
Elia,351882,59,4,48,36,49,58,91,10,90,30,47,34,70,36,52,51,62,41,5,40,87,30
Eliana,19525,31,96,20,18,19,41,70,15,61,30,23,10,80,81,1,73,10,96,94,46,70,91
Elias,350603,12,63,6,2,48,28,90,74,6,28,51,20,48,60,35,63,33,25,86,88,19,50
Elida,455203,68,65,59,52,24,76,57,37,8,29,54,90,91,85,76,80,85,42,28,32,73,26
Elin,506529,3,68,84,47,40,77,99,46,80,45,72,81,37,41,95,50,27,85,57,89,57,32
Elina,246967,70,33,65,63,96,48,89,13,17,10,69,90,92,74,45,56,20,98,78,77,54,6
Elinor,331139,5,11,41,31,20,35,62,64,42,63,6,80,28,28,38,57,94,75,21,80,97,51
Elinore,454551,78,38,35,3,9,39,39,48,55,75,25,32,24,71,79,61,33,7,83,64,37,4
Elisa,188410,21,82,67,75,39,4,77,51,11,1,8,71,53,5,25,89,3,16,67,79,26,12
Elisabeth,208207,71,97,31,80,2,15,21,34,61,78,91,71,20,92,72,9,32,10,29,93,88,51
Elise,761892,64,56,33,81,99,27,10,27,33,18,73,0,36,60,91,27,63,85,37,11,94,81
Elisha,706822,92,2,92,99,76,90,22,52,28,77,99,41,65,33,89,1,4,48,40,46,80,3
Elissa,279437,40,96,38,52,32,82,35,20,83,73,35,65,30,58,38,0,63,51,50,26,37,20
Eliza,690150,91,73,93,61,84,32,56,19,32,15,31,51,41,7,15,75,70,47,24,63,21,78
Elizabeth,302153,88,67,20,44,51,58,70,39,37,76,44,73,26,86,85,92,68,39,54,30,95,85
Elizbeth,445780,14,75,13,91,32,65,60,1,63,3,79,51,43,52,32,17,33,11,30,19,22,89
Elizebeth,230481,42,85,2,54,87,34,58,47,24,48,97,77,98,93,89,51,56,67,16,20,79,40
Elke,265782,79,93,87,84,84,70,65,48,5,80,45,6,2,91,11,50,90,93,42,62,76,84
Ella,261466,86,67,63,59,82,97,31,27,82,91,29,21,97,25,68,17,79,42,34,45,93,34
Ellamae,195479,54,35,49,56,91,29,69,75,94,13,55,9,38,24,45,80,90,29,85,40,4,80
Ellan,465621,78,85,47,7,78,75,14,79,63,33,77,18,23,28,66,64,38,29,23,76,25,53
Elle,824896,2,18,10,95,34,54,56,21,2,73,78,97,21,98,13,86,17,13,71,99,6,94
Ellen,697931,88,48,64,42,76,67,71,91,54,53,46,29,30,7,19,22,12,94,81,24,41,96
Ellery,934913,65,99,73,59,5,9,23,79,16,45,97,24,61,63,72,84,21,19,3,95,75,15
Elli,865056,75,77,58,72,13,52,98,41,39,67,44,94,14,62,78,95,26,14,79,22,44,99
Ellie,713437,11,71,98,73,44,22,81,6,75,79,12,79,14,2,38,85,99,36,70,68,16,90
Ellington,429527,88,66,99,16,41,16,29,21,93,30,10,80,9,44,37,14,10,89,13,43,86,4
Ellinor,456248,44,80,39,68,25,7,82,50,0,50,73,62,71,50,50,65,49,17,16,24,26,58
Elliot,122598,75,39,36,23,5,51,80,50,71,18,33,24,3,39,87,46,47,67,37,69,41,98
Elliott,632088,38,55,32,31,13,68,8,28,99,42,83,9,65,56,55,24,0,8,0,23,79,28
Ellis,481426,20,36,55,62,12,39,51,50,55,15,49,33,33,58,67,63,64,24,41,95,75,11
Ellison,657607,30,30,26,74,65,4,99,68,76,57,97,73,71,33,13,28,41,18,26,92,25,57
Ellsworth,735578,25,26,86,47,3,10,37,32,3,54,8,13,17,53,71,15,21,80,24,85,59,85
Elma,945777,68,48,57,67,73,98,74,86,75,41,92,25,39,18,30,23,35,31,35,32,39,95
Elmer,594835,27,19,85,93,19,42,99,32,36,89,38,39,3,96,69,48,88,81,69,0,38,95
Elmina,778046,91,54,58,49,37,48,63,96,18,13,18,10,8,31,18,88,30,18,4,38,13,30
Elmo,878204,72,97,88,69,65,3,15,87,27,22,17,49,93,28,9,17,29,1,85,18,40,41
Elna,337954,17,19,30,54,89,35,60,67,18,20,90,25,72,63,53,94,10,79,18,39,22,9
Elnora,556652,97,85,83,55,11,89,98,0,29,64,3,7,14,41,17,19,16,28,47,8,79,14
Eloise,130137,57,4,58,51,18,96,27,6,12,94,24,27,42,92,52,50,43,41,84,88,17,46
Elouise,433748,90,18,60,31,64,51,70,81,51,22,26,44,26,30,66,23,40,37,13,90,48,88
Elsa,806974,76,8,15,77,54,32,61,70,16,3,63,86,59,35,39,5,66,74,6,76,84,39
Else,274301,33,88,16,17,90,32,92,42,96,87,84,6,69,69,98,27,17,38,12,1,8,70
Elsie,714727,15,88,49,77,73,11,73,81,17,73,2,42,34,63,94,75,35,94,68,35,84,90
Elsworth,16690,24,25,88,47,70,67,58,63,11,75,76,20,57,80,90,16,54,57,2,14,22,70
Elton,846692,89,32,17,35,28,90,33,99,9,56,98,10,89,37,48,85,32,29,53,94,26,95
Elva,716368,13,95,39,54,83,45,65,74,4,17,55,92,7,39,80,8,82,41,78,88,6,91
Elvera,212779,66,40,38,9,94,59,85,32,73,81,4,77,28,4,15,65,26,68,67,28,8,43
Elvia,902783,3,90,61,61,83,28,10,38,19,67,15,59,85,57,66,70,73,26,43,69,42,37
Elvie,279278,43,40,89,10,11,42,70,93,66,4,77,19,11,23,3,65,16,6,5,47,73,86
Elvis,67229,24,86,56,77,72,10,61,98,41,34,3,43,23,18,91,5,14,83,32,87,10,21
Elvira,240779,64,58,43,81,43,33,62,62,78,14,9,45,48,18,93,43,46,94,20,64,2,6
Elvin,403241,26,57,66,66,45,22,59,91,99,70,0,38,75,26,68,21,86,84,55,9,48,86
Elvina,615547,91,95,16,90,6,11,39,45,75,94,67,57,84,60,99,65,95,31,33,61,44,89
Elvira,702610,35,23,90,2,69,99,55,58,58,62,4,82,7,32,66,80,57,66,38,78,53,32
Elwin,429104,32,64,89,51,96,19,6,34,36,50,0,90,1,21,54,82,80,6,18,88,14,54
Elwood,368573,27,92,28,32,83,25,97,50,25,11,83,5,42,7,61,14,13,7,37,71,94,32
Ely,6563,24,98,53,43,45,14,9,45,62,97,13,20,79,85,76,1,45,3,47,28,97,58
Elyse,883115,8,4,65,27,21,99,4,55,66,37,51,92,67,79,1,46,24,34,43,36,46,93
Elyssa,836762,77,19,79,14,23,85,94,37,60,19,29,34,80,57,35,22,13,9,21,96,27,22
Elyse,188368,66,25,27,23,24,2,26,62,60,12,54,36,93,91,23,82,51,57,3,77,76,20
Elyssa,819970,88,76,21,98,60,12,66,11,19,73,99,26,9,91,88,29,67,63,9,14,4,97
Elyse,383980,33,72,18,26,99,98,17,88,66,97,2,97,48,35,58,26,94,66,49,39,85,42
Ema,451359,84,68,73,26,45,86,44,20,80,40,72,8,85,64,13,33,69,45,5,38,48,73
Emanuel,865129,0,47,63,8,18,54,17,81,69,78,27,83,87,88,53,23,11,84,67,49,1,24
Emelda,625535,85,35,90,60,55,43,70,17,93,3,43,95,43,25,76,60,77,77,50,57,18,74
Emelia,631911,23,87,96,25,58,97,85,43,66,27,74,35,54,22,84,39,47,23,83,65,49,33
Emeline,39666,63,36,52,85,98,32,92,66,91,63,16,63,54,74,29,58,79,62,86,20,29,6
Emely,483525,41,46,59,89,31,88,74,20,59,73,23,90,9,64,78,29,49,12,11,72,64,99
Emerald,906552,58,62,79,84,2,20,84,11,7,52,98,10,9,37,21,23,7,37,17,12,25,19
Emerita,303609,92,44,11,10,79,27,34,82,9,6,7,35,11,31,76,8,54,12,94,13,81,51
Emerson,412074,7,42,6,27,77,4,43,1,93,75,1,3,63,31,11,16,53,17,75,83,71,83
Emery,670747,15,88,91,86,56,90,53,62,81,95,30,35,40,53,61,45,41,82,12,77,1,21
Emiko,127290,39,85,85,73,10,2,74,14,17,79,23,66,54,14,20,56,26,49,41,56,56,30
Emil,755654,75,35,89,59,90,82,33,20,90,20,82,25,44,14,95,54,43,30,92,88,90,44
Emile,243303,90,37,15,25,2,32,66,22,89,54,33,79,78,87,46,75,60,60,95,15,48,61
Emilee,449407,7,56,21,73,15,71,85,19,29,29,91,40,40,71,60,1,85,24,35,31,8,65
Emilie,881358,67,40,67,16,60,35,94,34,78,37,95,79,13,65,38,73,46,90,74,9,86,37
Emilio,101688,91,54,42,83,82,10,55,47,50,95,12,49,20,0,65,55,86,54,12,1,65,94
Emily,952053,76,3,75,26,26,55,58,48,17,58,26,81,90,84,99,45,78,75,34,54,55,50
Emma,221271,85,76,5,80,41,61,93,17,23,6,88,79,37,3,15,20,42,89,88,78,27,29
Emmalee,721847,10,77,9,79,36,36,65,87,72,82,23,91,69,49,96,70,74,96,62,21,19,47
Emmaline,230381,46,61,97,9,1,53,75,55,75,11,44,47,26,19,3,46,0,44,3,4,57,62
Emmalyn,783950,21,62,38,89,34,20,88,97,38,80,62,23,11,38,56,84,96,55,70,85,39,58
Emmett,488297,54,20,89,99,34,1,27,32,21,16,2,73,88,93,48,70,0,26,35,88,12,73
Emmie,931339,23,32,23,64,36,60,68,8,5,24,87,61,7,58,72,73,79,69,60,78,44,18
Emmy,566477,36,28,81,32,55,30,95,39,50,4,96,19,42,67,51,8,59,74,19,26,23,11
Emogene,164929,60,93,60,47,42,1,41,63,73,50,96,48,45,81,87,18,47,81,59,99,90,64
Emory,316887,38,34,60,9,27,24,54,78,30,46,18,98,44,15,18,87,50,4,2,28,22,62
Ena,928343,31,25,8,18,11,96,17,53,85,73,39,40,84,16,92,5,26,90,35,60,81,92
Enda,917210,18,16,3,43,43,53,60,38,61,32,62,2,18,63,85,63,83,79,1,96,0,92
Enid,596338,45,60,17,22,58,68,30,72,85,18,73,24,38,71,51,97,20,99,46,91,51,74
Enola,481890,34,57,92,25,0,77,5,7,34,41,70,77,13,47,5,52,46,32,68,97,1,1
Enrico,226460,20,18,81,12,79,62,13,48,14,95,54,24,92,53,6,29,71,15,29,99,98,66
Enrique,317707,89,35,17,7,48,41,93,79,69,40,79,21,4,29,43,1,65,49,17,91,37,14
Enriqueta,848393,49,35,59,39,86,33,89,97,39,26,47,79,84,37,57,48,70,83,46,68,33,43
Ephraim,688832,34,48,86,88,27,85,99,61,46,33,40,64,27,54,30,22,63,21,15,44,40,67
Era,863519,92,21,2,43,10,76,16,97,3,94,77,53,59,19,80,90,38,86,41,50,24,24
Erasmo,391528,14,75,21,58,51,30,53,31,34,61,30,24,99,32,84,89,96,31,59,48,83,64
Erasmus,975180,83,61,53,43,95,11,88,15,17,35,92,11,54,9,57,71,54,0,43,29,21,26
Erby,266002,72,41,60,91,50,38,23,80,81,10,23,83,53,18,59,17,16,21,68,75,34,39
Ercilia,215,7,97,91,28,19,96,62,97,80,22,21,0,69,30,21,58,27,40,43,50,50,80
Erdman,376261,26,33,88,77,31,28,30,44,93,20,70,28,91,18,84,19,28,4,89,53,80,85
Erek,722312,9,69,67,95,12,61,2,74,64,22,48,59,96,34,0,23,64,99,52,8,49,88
Erena,242441,95,30,45,55,35,32,65,57,87,39,21,48,20,48,8,18,69,60,18,99,6,62
Eric,951173,88,12,62,1,13,15,11,88,86,97,80,78,91,44,33,59,79,17,36,64,94,40
Erica,629158,43,43,91,94,54,27,25,97,60,43,64,70,8,84,55,53,21,36,30,34,19,2
Erick,227394,69,32,72,29,5,81,42,90,44,91,22,54,44,39,12,76,90,90,4,45,84,45
Ericka,783546,49,90,87,65,81,54,1,6,51,87,16,25,70,33,73,54,27,84,28,18,73,73
Erik,256183,35,84,50,34,14,1,2,97,89,62,91,61,97,15,43,79,71,48,36,27,2,14
Erika,124064,12,26,53,54,70,30,21,94,64,5,52,80,84,23,66,77,22,65,21,54,52,10
Erin,523836,82,1,81,18,48,72,22,28,39,11,82,86,70,26,48,82,18,45,78,16,97,53
Erinn,542918,3,29,45,95,89,13,15,91,29,75,39,63,90,31,16,70,49,33,53,8,1,80
Erlinda,525229,48,65,13,97,87,53,73,42,36,11,45,51,15,40,3,52,4,8,6,93,47,12
Erline,178439,34,16,7,99,63,17,64,58,84,56,64,44,28,6,22,63,25,66,74,20,60,15
Erma,250150,47,86,56,94,73,84,45,63,89,9,81,7,97,67,75,87,31,84,82,73,33,27
Erna,607217,27,48,63,42,71,32,63,62,74,76,49,8,10,82,36,50,36,40,28,52,12,52
Ernest,698266,78,35,52,23,0,64,67,48,14,62,76,21,28,32,18,64,20,40,50,39,96,24
Ernestina,408070,93,58,40,89,56,42,43,1,13,74,34,4,57,76,76,88,72,27,82,4,56,87
Ernestine,139689,60,38,0,52,17,31,38,47,60,77,52,48,16,90,84,30,80,84,99,97,75,85
Ernst,360270,92,42,70,41,91,61,87,19,24,0,96,22,3,93,67,47,39,82,38,67,82,59
Eryn,49070,19,22,88,0,11,87,86,20,71,87,65,91,17,67,18,4,16,21,11,46,79,47
Esau,697098,60,22,38,27,55,9,88,94,30,42,64,40,45,25,22,68,49,81,49,94,63,44
Esmeralda,319937,19,13,84,98,73,24,18,59,72,80,72,4,0,28,71,31,10,86,59,33,76,56
Esperanza,773255,56,3,34,97,92,87,91,22,94,98,54,65,96,55,55,85,11,90,75,27,78,6
Esteban,732293,29,62,44,28,51,90,53,32,55,3,94,36,7,24,86,23,81,15,88,84,84,69
Estefani,792266,17,94,65,23,28,50,70,77,27,70,61,93,36,70,33,31,82,88,52,96,39,40
Estela,185777,3,90,68,14,53,17,68,89,61,88,24,20,4,41,59,26,11,70,44,51,6,21
Estell,339772,52,69,28,56,29,49,24,82,70,22,80,19,5,85,82,66,92,52,77,71,81,27
Estella,923806,54,23,24,88,74,47,63,43,46,57,65,91,87,28,51,26,63,80,98,24,56,5
Estelle,982859,0,11,37,73,84,6,27,72,17,88,42,24,32,63,13,37,5,19,64,6,66,43
Ester,627762,35,39,16,49,74,51,16,93,35,18,22,53,0,37,5,31,85,62,55,53,66,88
Esther,117726,96,25,99,3,57,39,19,22,4,13,56,23,7,40,28,56,99,47,53,45,56,77
Estrella,636613,7,62,59,28,84,39,50,34,38,38,0,31,96,0,32,39,75,36,82,4,91,99
Ethan,211583,51,65,4,21,18,75,10,47,86,96,75,48,0,67,23,44,30,32,90,97,49,20
Ethel,694294,6,68,70,90,24,1,79,15,94,59,61,45,20,88,38,14,20,25,81,55,50,72
Ethelene,114395,9,97,95,33,18,33,64,52,97,65,76,74,5,63,65,77,97,62,56,8,19,69
Ethelyn,108133,37,31,83,60,5,90,70,63,83,76,41,48,67,86,72,5,96,53,78,87,4,57
Ethyl,876644,5,79,43,97,93,88,97,56,71,21,40,91,16,11,72,20,62,93,24,85,46,59
Etsuko,345684,31,46,78,46,0,81,80,84,30,81,18,98,24,35,93,49,5,93,51,70,26,40
Etta,556699,25,2,41,74,78,42,98,66,5,84,18,24,92,91,32,79,65,62,10,3,95,51
Ettie,249365,42,80,34,49,69,15,98,68,67,16,80,64,55,5,15,79,78,51,79,50,96,27
Eufemia,531638,65,73,62,49,17,29,79,89,68,72,49,56,63,10,63,80,9,50,69,45,79,9
Eugene,818450,10,14,65,99,59,16,80,48,79,73,96,90,42,14,64,87,74,69,61,48,59,21
Eugenia,425600,66,21,4,58,97,11,64,6,54,16,63,75,11,82,33,46,37,9,67,21,34,87
Eugenie,22411,15,94,29,55,86,85,91,18,83,55,15,68,51,35,2,53,77,82,82,66,22,77
Eula,667321,43,41,14,93,99,39,9,59,13,52,82,54,20,31,5,32,97,23,74,76,31,47
Eulah,259790,31,97,20,7,62,31,80,33,97,28,42,73,4,55,95,0,85,79,28,35,69,13
Eulalia,1751,34,3,64,81,26,48,74,28,88,15,23,78,39,80,59,30,94,51,0,87,9,18
Eun,770061,8,91,53,99,32,9,91,85,91,4,30,12,89,16,34,62,41,68,86,33,48,98
Euna,768202,71,90,70,55,42,94,55,40,98,66,58,69,74,62,27,21,13,42,39,50,10,20
Eunice,715007,10,18,46,24,33,79,13,59,68,11,52,95,90,16,10,0,39,79,20,12,11,9
Eura,68890,97,31,36,36,32,15,76,37,96,80,40,27,47,71,53,86,87,11,8,99,21,71
Eusebia,459664,46,43,2,64,64,28,72,60,3,0,54,18,48,75,18,96,25,92,51,85,19,89
Eusebio,876872,45,86,69,86,79,57,69,20,32,86,4,55,90,41,42,58,25,35,33,92,95,39
Eustolia,254818,76,53,47,74,33,54,49,4,77,67,5,56,38,8,52,97,24,52,10,42,92,64
Eva,852177,10,4,80,49,6,67,44,60,63,86,48,24,97,77,75,33,68,72,86,31,64,2
Evalyn,523144,36,50,76,45,52,50,6,41,4,28,86,42,55,94,60,40,17,24,23,25,8,77
Evan,970305,61,91,97,68,44,2,93,55,84,60,43,83,29,11,36,29,0,25,68,80,64,81
Evangelina,14757,26,34,35,68,64,61,30,28,84,83,8,51,6,4,49,72,10,71,50,5,2,95
Evangeline,730545,43,28,82,70,0,98,76,79,99,98,80,95,75,34,71,71,89,53,43,4,20,52
Eve,476118,70,74,71,9,78,34,20,45,39,5,28,23,18,14,70,88,21,12,33,6,96,20
Evelia,554910,97,85,97,84,89,1,51,30,94,78,43,23,39,18,7,91,46,85,85,94,63,47
Evelin,185544,56,84,68,77,23,71,21,61,44,27,87,88,90,86,40,54,74,27,47,28,8,91
Evelina,255346,79,58,56,60,6,80,84,8,63,74,46,36,5,29,92,2,78,20,64,55,22,28
Eveline,781174,13,58,33,15,98,99,25,43,16,12,86,91,73,62,50,26,13,14,79,36,53,28
Evelyn,20877,83,4,82,27,2,56,98,46,82,14,89,44,72,37,79,77,69,50,94,66,28,48
Evelyne,541115,23,94,61,84,26,15,14,51,23,81,74,77,63,88,76,48,29,12,82,7,75,16
Evely,31937,56,40,2,33,92,0,57,11,83,14,9,73,73,76,38,48,57,32,31,80,99,9
Everett,483952,65,1,47,37,39,64,61,10,48,73,7,38,45,89,29,78,27,94,74,94,16,24
Everette,461426,15,34,80,5,69,81,73,29,32,16,21,94,86,42,69,41,80,5,59,39,93,67
Evette,920111,52,99,98,11,76,33,47,32,66,52,73,35,10,4,29,51,31,94,93,37,26,88
Evi,576572,48,90,28,82,73,5,83,1,7,44,28,8,1,29,83,82,24,33,50,24,2,24
Evia,995312,55,39,96,83,55,87,75,87,46,83,79,86,93,86,22,86,36,44,79,93,16,66
Evie,858841,31,74,95,5,74,29,77,61,70,40,26,33,37,21,29,3,38,2,85,82,17,65
Evita,186979,1,67,84,85,85,13,4,70,43,92,16,89,11,71,50,1,94,15,46,73,2,71
Evon,347821,74,52,89,85,12,94,2,68,90,91,40,57,65,53,60,3,2,83,53,80,33,42
Evonne,18917,52,61,0,55,52,0,62,76,86,62,13,30,0,85,66,75,86,27,36,71,48,80
Ewa,766704,27,48,45,58,47,84,1,48,27,40,57,77,65,61,13,74,64,80,20,54,27,22
Exie,590451,6,48,96,53,7,67,51,20,8,96,31,88,18,43,85,34,3,19,47,44,0,11
Ezra,769941,67,48,41,22,14,31,97,61,12,25,16,89,89,1,61,68,7,32,65,0,37,70
Fabian,30735,21,39,67,84,36,7,9,81,32,60,7,60,6,74,54,71,23,53,91,86,22,83
Fabiola,876565,52,71,96,88,15,34,33,66,23,6,8,10,50,33,65,59,23,36,78,62,83,87
Fae,109995,92,26,56,44,97,45,12,58,83,35,42,74,7,34,48,4,18,66,6,4,70,13
Fairy,215037,38,86,17,28,91,47,99,48,54,20,25,69,90,69,42,73,71,38,94,13,64,40
Faith,905472,44,3,5,0,64,81,88,70,63,76,73,49,2,93,21,86,98,51,91,26,66,94
Fallon,147279,43,34,10,56,26,83,41,84,66,40,60,46,17,34,94,76,35,88,37,22,11,59
Fanny,334952,89,87,55,27,34,83,41,69,43,80,52,43,0,75,51,11,94,32,76,55,15,40
Farah,591475,7,39,75,72,57,74,28,44,75,32,14,68,4,32,22,85,27,35,83,76,74,50
Farrah,254661,84,62,34,46,75,87,90,1,58,62,25,56,17,16,46,59,51,96,39,61,58,99
Fatima,496564,98,77,50,27,78,39,64,35,30,25,57,99,7,47,7,60,32,71,55,62,93,22
Fatimah,656417,34,27,40,16,50,79,56,88,61,20,54,3,98,91,49,3,85,92,69,82,28,26
Faustina,397995,79,70,41,84,42,51,94,41,79,58,4,76,69,95,88,4,39,66,64,1,85,1
Fausto,792106,74,5,5,11,70,54,42,35,30,56,58,88,4,36,35,21,5,43,49,73,32,27
Faviola,406863,65,27,27,76,8,97,20,17,44,1,13,61,16,16,76,45,35,82,24,7,40,79
Fay,68534,26,86,59,88,93,40,97,49,49,26,75,99,91,55,17,75,88,97,35,68,70,27
Faye,846047,17,41,42,92,86,4,93,21,58,81,9,21,5,39,18,54,37,17,48,20,39,62
Federico,574626,90,36,86,55,51,2,74,23,41,91,53,17,97,52,37,26,70,88,3,75,85,80
Felecia,181372,68,57,11,70,52,89,70,76,85,89,49,67,76,57,44,64,39,41,70,0,23,70
Felica,673691,8,93,14,69,17,99,45,58,58,34,12,69,33,44,79,61,8,77,33,30,88,12
Felice,927375,31,5,61,50,10,12,67,78,79,4,55,0,88,73,84,86,14,76,62,92,10,87
Felicia,279486,31,93,82,62,9,4,3,76,52,24,91,46,37,54,37,85,15,25,28,81,15,55
Felicitas,1148,9,56,16,4,22,79,60,7,47,67,31,80,74,54,34,61,91,76,63,38,75,76
Felipa,65281,1,31,59,82,16,14,90,47,88,89,55,71,55,35,35,37,31,11,45,38,73,81
Felipe,109466,18,62,98,49,54,64,16,49,61,9,5,59,64,44,96,87,12,7,73,66,45,93
Felisa,774672,73,61,94,73,88,26,79,36,30,80,50,13,92,12,97,80,23,63,17,38,79,19
Felisha,380494,13,77,99,34,20,41,5,41,38,75,90,21,4,99,97,17,6,91,50,5,45,45
Felix,121926,60,64,48,94,57,59,76,62,9,10,73,16,42,57,94,60,0,64,12,96,99,28
Felton,678438,53,6,77,77,4,92,74,88,82,89,78,6,27,23,83,21,26,87,13,71,91,19
Fermin,114102,89,56,57,70,48,69,79,68,35,8,50,52,94,26,9,15,54,11,95,24,12,28
Fern,95370,1,60,38,36,29,54,81,30,21,53,60,96,24,33,3,86,75,79,38,23,24,11
Fernanda,388798,52,66,60,17,36,5,18,46,99,43,49,2,88,32,73,79,49,53,3,73,81,19
Fernando,617109,31,84,88,95,34,79,91,3,68,11,50,67,60,96,45,78,40,45,53,20,32,67
Fidel,747112,0,68,99,88,27,13,5,24,13,5,57,47,59,82,8,10,26,75,4,21,56,94
Filiberto,168327,19,30,13,97,19,38,2,95,12,20,21,17,37,91,47,54,50,39,14,67,16,25
Filomena,144413,40,73,26,20,93,18,52,20,14,28,97,96,0,41,95,86,98,17,61,69,34,27
Fina,305348,69,73,2,50,13,45,14,23,71,42,74,33,89,88,45,15,17,7,41,65,18,45
Finn,170053,29,78,74,71,20,52,15,24,6,39,18,8,55,64,81,21,32,97,3,34,65,71
Fiona,33571,90,97,70,5,26,37,5,61,33,32,59,10,95,89,97,91,44,88,56,88,14,41
Flor,455432,31,43,13,38,32,72,45,43,66,2,24,15,97,41,81,56,47,1,35,83,22,82
Flora,260548,56,20,8,86,59,2,66,48,86,35,7,6,80,67,12,89,44,40,90,86,73,23
Florance,467504,62,19,51,67,78,60,33,76,24,17,74,47,53,91,7,48,25,75,97,87,16,16
Florence,576970,73,93,61,2,51,65,69,49,90,42,30,73,53,62,26,53,91,74,86,88,74,63
Floria,7350,40,31,32,78,41,47,16,17,70,50,42,80,63,18,69,27,5,27,86,68,47,21
Florida,597926,54,38,95,82,41,1,94,72,31,65,97,71,10,52,34,89,60,65,52,36,5,38
Florinda,191647,58,48,27,56,66,92,41,84,69,88,53,63,63,27,24,38,56,54,20,25,13,64
Florine,348436,89,6,68,62,90,3,39,81,62,72,63,42,8,62,5,9,99,20,40,36,63,87
Flossie,265530,83,6,37,85,32,98,96,45,23,75,12,57,31,88,30,80,70,91,8,30,96,7
Floy,883526,57,67,80,36,66,82,71,98,27,10,84,4,80,4,88,45,83,1,92,15,65,75
Floyd,810527,50,8,5,26,80,94,11,54,8,22,41,22,85,9,81,37,72,10,41,85,30,58
Fonda,877828,79,10,6,97,68,74,44,69,52,54,69,9,88,31,51,59,18,45,16,44,20,49
Forrest,568920,3,51,56,73,67,34,57,99,92,7,72,2,52,99,28,56,49,87,1,78,12,46
Foster,577234,23,67,49,57,14,80,9,82,31,9,79,36,70,47,54,40,62,86,42,3,40,97
Fran,519444,97,98,41,83,9,47,46,85,79,6,63,33,9,19,40,4,23,90,36,52,1,72
France,690634,34,0,29,48,17,85,55,85,86,95,38,17,66,74,81,73,36,61,95,82,49,12
Francene,87880,62,10,39,5,42,7,42,23,20,89,77,9,75,60,61,3,31,55,71,71,42,86
Frances,318746,2,41,45,78,37,26,76,73,85,1,27,94,77,29,86,84,3,29,92,34,1,65
Francesca,554380,63,47,65,50,36,83,28,42,78,30,44,53,22,27,9,61,61,45,85,15,25,20
Francesco,315912,91,84,58,69,40,68,35,31,8,1,3,74,12,36,43,38,60,46,11,26,31,13
Franchesca,187882,29,43,61,53,9,8,44,41,43,69,69,14,6,4,85,95,61,62,87,19,35,2
Francie,896390,6,34,34,68,49,38,55,59,32,58,78,72,6,21,69,26,28,11,52,47,67,79
Francina,272433,93,86,21,25,42,9,10,38,17,68,23,13,90,68,67,20,77,84,65,10,42,34
Francis,306557,14,20,93,11,48,30,7,24,49,80,68,96,17,46,50,84,58,52,2,19,29,29
Francisca,632493,23,52,87,17,60,98,56,38,60,26,58,69,24,57,16,59,34,0,84,79,12,69
Francisco,856821,74,16,31,81,18,89,58,54,30,4,21,39,55,92,46,37,27,1,6,23,92,19
Franck,171374,45,43,23,29,4,76,11,40,75,53,78,50,9,22,92,75,26,16,89,43,66,63
Frank,50738,67,20,52,49,71,76,98,83,50,21,48,25,58,46,71,35,57,35,51,30,29,95
Frankie,231836,23,43,30,6,88,67,87,85,19,72,14,79,49,91,75,59,30,37,55,58,98,16
Franklin,363036,18,87,82,39,76,87,50,14,32,51,79,90,26,22,64,31,15,98,35,75,14,68
Franklyn,708964,51,33,17,8,30,49,31,79,51,41,75,55,49,25,55,54,21,5,6,77,15,21
Fransisca,943360,27,79,47,59,95,30,42,85,21,56,27,33,10,92,8,1,83,43,92,1,59,74
Fred,996890,11,84,73,63,6,63,57,54,71,61,2,39,6,55,72,31,43,93,61,84,3,89
Freda,88850,55,13,65,29,36,32,13,4,13,32,76,71,21,45,41,16,8,76,26,22,82,53
Freddie,252388,53,12,49,85,57,3,5,85,16,1,22,75,25,62,42,33,2,31,21,41,28,29
Freddy,307748,64,58,96,74,13,66,32,20,38,95,56,66,39,1,98,28,56,22,45,84,16,40
Frederic,595312,42,78,85,7,80,96,38,93,56,87,76,35,28,95,32,46,87,21,14,17,95,24
Frederica,649840,48,69,69,40,62,32,26,76,72,96,62,24,57,47,25,43,69,56,11,60,96,55
Frederick,739123,24,71,85,59,31,61,27,16,12,22,78,13,2,8,80,91,16,75,14,81,23,13
Fredericks,310229,61,51,18,74,4,9,95,14,97,25,37,72,76,49,90,73,70,86,93,57,11,17
Fredia,921037,59,0,57,99,55,2,53,98,93,97,12,60,14,67,96,68,83,65,28,90,17,3
Fredrick,313967,37,96,9,75,62,18,31,98,35,55,90,35,43,86,85,49,89,2,22,4,81,93
Fredricka,662817,0,78,11,11,40,95,20,16,85,33,24,36,1,89,93,20,90,1,13,65,3,20
Freeda,994135,36,75,90,47,23,72,82,91,66,57,74,67,86,60,32,15,86,5,44,61,37,90
Freida,887845,33,74,27,92,42,80,73,82,43,60,31,3,28,83,54,10,12,33,98,38,48,91
Frida,509471,33,78,18,14,83,21,7,86,65,66,13,61,93,32,45,50,43,96,22,76,51,2
Frieda,811181,94,66,22,65,11,61,11,67,38,27,19,71,18,74,86,62,95,34,98,22,68,69
Fritz,474748,90,14,69,4,17,42,86,32,84,29,21,31,6,40,38,40,33,48,55,78,89,80
Fumiko,136089,83,54,73,2,84,52,51,50,68,34,58,87,71,52,72,50,63,64,85,32,63,99
Gabby,953324,28,93,64,15,90,34,44,82,59,97,98,6,35,77,44,94,33,15,74,49,97,12
Gail,777688,17,42,48,43,98,16,60,4,14,55,83,88,72,84,60,28,72,79,99,1,4,11
Gala,283000,90,61,33,35,28,38,83,2,1,57,68,18,3,52,8,82,79,65,22,8,28,64
Gale,202190,90,55,80,54,1,69,15,42,55,41,92,23,56,69,44,40,89,3,11,86,27,99
Galen,60424,90,66,53,94,30,4,14,49,31,71,24,75,1,3,87,40,46,9,12,3,90,7
Galina,644785,23,20,28,5,93,49,48,54,38,13,92,4,10,20,94,73,86,21,56,87,2,93
Garfield,823315,56,32,33,12,25,28,50,82,75,53,78,17,98,68,83,79,26,55,5,37,5,93
Garret,842110,0,26,66,99,46,0,97,53,88,11,42,93,33,5,88,94,62,91,10,87,25,93
Garrett,661872,42,36,56,55,18,72,88,52,37,97,66,28,3,55,18,4,23,49,92,82,55,98
Garry,393597,40,50,14,38,34,10,55,26,44,52,91,98,38,6,82,20,86,5,58,50,45,19
Garth,919728,29,81,78,90,15,98,92,74,67,24,99,89,24,54,50,10,51,26,83,75,78,68
Gary,622819,54,84,94,58,57,51,3,30,67,92,30,40,62,57,90,26,38,54,86,29,3,92
Gaston,960115,22,10,46,66,51,31,34,10,29,45,48,74,21,6,64,55,49,94,95,58,62,80
Gavin,533555,63,72,8,18,69,50,68,20,1,72,1,45,42,31,14,33,27,80,97,43,57,5
Gay,464471,61,45,55,64,19,44,65,29,18,18,65,82,2,1,26,68,19,20,79,28,38,13
Gaye,599914,29,46,62,44,38,41,70,88,29,21,14,44,10,23,77,35,29,34,43,70,52,22
Gayla,79369,96,78,99,57,62,93,55,34,93,92,93,81,47,72,37,36,58,0,80,91,20,96
Gayle,165118,5,60,71,38,42,97,82,48,76,24,68,63,42,52,92,89,40,8,35,25,1,44
Gaylene,254515,75,90,2,85,58,52,87,71,34,49,99,2,98,60,81,58,57,56,72,43,1,72
Gaylord,884893,33,64,61,44,59,26,8,4,88,52,9,77,46,97,26,91,98,67,66,6,12,33
Gaynell,531659,20,20,66,7,63,66,48,66,50,13,70,45,67,79,17,34,71,98,89,85,79,20
Gaynelle,189723,61,36,16,9,74,84,73,60,48,30,59,56,69,12,26,68,0,44,23,96,79,79
Gearldine,204078,3,2,23,71,82,55,69,93,25,14,46,16,95,81,87,94,97,97,31,40,18,82
Gema,172178,53,62,1,96,32,98,39,56,62,81,54,90,59,39,49,32,72,64,59,57,39,23
Gemma,412018,57,57,18,98,37,65,31,86,99,75,7,92,81,49,94,23,64,16,36,13,84,93
Gena,663343,21,4,96,25,15,88,23,39,41,48,97,86,12,96,18,3,25,16,15,71,99,61
Genaro,254917,54,67,0,88,32,4,26,9,32,89,56,31,68,97,1,3,71,52,87,76,88,36
Gene,843824,27,82,60,57,46,3,49,53,22,74,72,62,47,84,94,16,44,32,60,83,17,32
Genesis,160713,23,52,1,15,3,65,25,48,88,99,10,40,6,51,89,55,98,59,20,16,48,40
Geneva,353486,97,72,12,17,77,37,62,1,90,36,79,22,64,0,49,33,33,64,71,33,12,0
Genevie,471236,12,38,98,14,80,60,70,77,65,66,50,18,47,78,55,34,43,61,24,1,84,96